feature,coefficient,abs_coefficient,zeroed_out
cat__first_prod_enq2_others,-0.0,0.0,True
cat__education_OTHERS,0.0,0.0,True
cat__education_GRADUATE,-0.0,0.0,True
num__max_recent_level_of_deliq,0.0,0.0,True
num__num_deliq_12mts,-0.0,0.0,True
num__num_deliq_6_12mts,-0.0,0.0,True
cat__education_12TH,0.0,0.0,True
cat__maritalstatus_Single,0.0,0.0,True
cat__maritalstatus_Married,-0.0,0.0,True
num__num_times_60p_dpd,-0.0,0.0,True
num__gl_flag,-0.0,0.0,True
cat__education_POST-GRADUATE,-0.0,0.0,True
num__pct_cc_enq_l6m_of_l12m,-0.0,0.0,True
num__cc_flag,0.0,0.0,True
num__pct_opened_tls_l6m_of_l12m,-0.0,0.0,True
num__num_dbt,0.0,0.0,True
num__num_dbt_6mts,-0.0,0.0,True
num__pct_of_active_tls_ever,0.0,0.0,True
num__enq_l12m,0.0,0.0,True
num__num_lss_6mts,0.0,0.0,True
cat__first_prod_enq2_PL,-0.0,0.0,True
num__pl_enq_l12m,0.0,0.0,True
num__tot_enq,0.0,0.0,True
num__num_sub,-0.0,0.0,True
cat__education_PROFESSIONAL,0.0,0.0,True
num__time_since_first_deliquency,-0.0,0.0,True
cat__gender_F,-0.0,0.0,True
num__total_tl,0.0,0.0,True
num__tot_closed_tl,0.0,0.0,True
num__tot_active_tl,0.0,0.0,True
cat__first_prod_enq2_HL,-0.0,0.0,True
cat__first_prod_enq2_CC,-0.0,0.0,True
cat__first_prod_enq2_AL,0.0,0.0,True
num__pct_tl_closed_l6m,-0.0,0.0,True
num__pct_active_tl,0.0,0.0,True
num__pct_closed_tl,-0.0,0.0,True
num__total_tl_opened_l12m,0.0,0.0,True
num__tot_tl_closed_l12m,-0.0,0.0,True
cat__last_prod_enq2_others,-0.0,0.0,True
cat__education_SSC,0.0,0.0,True
num__cc_enq_l12m,0.0,0.0,True
num__tot_missed_pmnt,0.0,0.0,True
num__auto_tl,-0.0,0.0,True
num__cc_tl,0.0,0.0,True
cat__last_prod_enq2_ConsumerLoan,-0.0,0.0,True
cat__last_prod_enq2_CC,0.0,0.0,True
num__home_tl,-0.0,0.0,True
cat__last_prod_enq2_AL,0.0,0.0,True
num__secured_tl,0.0,0.0,True
num__unsecured_tl,0.0,0.0,True
cat__gender_M,0.0,0.0,True
cat__last_prod_enq2_HL,0.0,0.0,True
num__max_unsec_exposure_inpct,0.0007308168837717576,0.0007308168837717576,False
num__num_deliq_6mts,0.0012211366807292753,0.0012211366807292753,False
num__cc_enq,0.0013797741844978604,0.0013797741844978604,False
num__num_lss_12mts,0.0021259988139293727,0.0021259988139293727,False
num__tot_tl_closed_l6m,-0.0021923946916787224,0.0021923946916787224,False
num__cc_enq_l6m,0.003160477220560553,0.003160477220560553,False
num__hl_flag,-0.0034914741299061957,0.0034914741299061957,False
num__num_times_delinquent,-0.004794842052938113,0.004794842052938113,False
num__num_sub_12mts,0.0051132138712575,0.0051132138712575,False
num__num_dbt_12mts,0.005262501811387968,0.005262501811387968,False
num__pct_currentbal_all_tl,0.005668004363976282,0.005668004363976282,False
num__pct_pl_enq_l6m_of_ever,-0.005689024003857047,0.005689024003857047,False
num__time_since_recent_payment,-0.0062307913636151,0.0062307913636151,False
num__other_tl,0.007654708472732461,0.007654708472732461,False
num__num_lss,-0.008413796515044623,0.008413796515044623,False
num__total_tl_opened_l6m,0.011319682686509635,0.011319682686509635,False
num__pl_tl,0.012184230113022321,0.012184230113022321,False
cat__first_prod_enq2_ConsumerLoan,0.01440489795195272,0.01440489795195272,False
num__pct_tl_closed_l12m,0.025579311817604995,0.025579311817604995,False
num__age,-0.02635592239584177,0.02635592239584177,False
num__gold_tl,0.02643167532609086,0.02643167532609086,False
num__max_deliq_6mts,-0.027043434337766716,0.027043434337766716,False
num__time_with_curr_empr,-0.02738093462120276,0.02738093462120276,False
num__prospectid,-0.030600992911989387,0.030600992911989387,False
num__pct_cc_enq_l6m_of_ever,-0.0318579711887975,0.0318579711887975,False
num__num_sub_6mts,0.03398616012262598,0.03398616012262598,False
num__netmonthlyincome_log,0.03703132825612455,0.03703132825612455,False
num__num_std_6mts,0.037289434741058114,0.037289434741058114,False
num__num_std,0.03937901137878615,0.03937901137878615,False
cat__last_prod_enq2_PL,0.039582435658708615,0.039582435658708615,False
num__pl_flag,-0.043493391060732564,0.043493391060732564,False
num__consumer_tl,-0.04831655351794667,0.04831655351794667,False
num__pct_tl_open_l12m,0.04969583585551906,0.04969583585551906,False
num__pl_enq_l6m,0.05578995513608758,0.05578995513608758,False
num__pl_enq,0.0842046377106652,0.0842046377106652,False
num__num_times_30p_dpd,-0.09586173288357955,0.09586173288357955,False
cat__education_UNDER GRADUATE,-0.11439672071325069,0.11439672071325069,False
num__pct_tl_open_l6m,-0.24651740758092244,0.24651740758092244,False
num__max_delinquency_level,-0.869131735989954,0.869131735989954,False
num__enq_l6m,1.0145921028401894,1.0145921028401894,False
num__recent_level_of_deliq,1.7442948290084361,1.7442948290084361,False
num__pct_pl_enq_l6m_of_l12m,-3.028512572672093,3.028512572672093,False
num__max_deliq_12mts,-4.13901657246973,4.13901657246973,False
num__age_newest_tl,-4.208064344824548,4.208064344824548,False
num__num_std_12mts,6.6504491560545524,6.6504491560545524,False
num__time_since_recent_deliquency,-7.274293271785408,7.274293271785408,False
num__enq_l3m,-10.458919671985939,10.458919671985939,False
num__no_enquiry_flag,-11.05847141815524,11.05847141815524,False
num__age_oldest_tl,11.106198800388409,11.106198800388409,False
num__time_since_recent_enq,11.504914197442368,11.504914197442368,False
