,PC1,PC2,PC3,PC4,PC5,PC6,PC7,PC8,PC9,PC10,PC11,PC12,PC13,PC14,PC15,PC16,PC17,PC18,PC19,PC20,PC21,PC22,PC23,PC24,PC25,PC26,PC27,PC28,PC29,PC30,PC31,PC32,PC33,PC34,PC35,PC36,PC37,PC38,PC39,PC40,PC41,PC42,PC43,PC44,PC45,PC46
num__prospectid,0.0011289697708815195,-0.00029327770365770376,0.0021139241800641286,-0.005706925467185877,0.000743194988980267,0.00026489977995740403,-0.002904165407203806,0.005685632260156213,0.00219303893470727,0.0022956152335668984,-0.00746973163566546,0.007292158943109048,-0.004091557157425704,0.01168524828730284,-0.0026318887792063364,0.015284451670239212,-0.013545308822952264,0.01989370265417665,0.005965091095400566,-0.01286865563802983,0.02248554897945822,-0.261063188869127,0.5297771029968769,0.8024857636898429,0.05810626854347163,0.013296409103579898,0.010969085765478748,-0.007462542706681771,-0.011752587032830546,0.024548171798201235,0.013249663681881615,-0.010391708244722854,-0.008275477341271731,0.0005922871562022386,0.005340223261490328,-0.0006193213604984932,-0.001976664662794971,-0.006568964959182797,-0.00516552771840351,-0.006064638280017622,0.004668352096190332,-0.0020292765057856213,0.01147276389069333,0.000835161488164782,0.007428570138748996,6.540229151062164e-05
num__total_tl,0.18643275617970306,0.1802089603400733,-0.16791634799558441,0.060030152989711094,-0.030100497033488598,-0.06305889309215144,-0.016607491519859643,-0.02639179589902807,0.0645150807347347,-0.13008856095838334,0.034885533334212904,-0.11260660165470557,0.09266758109324903,0.01010441001437104,0.03976843312290239,0.026604684565321474,-0.1353583451438471,0.075798681990015,-0.03049104761343953,0.04579150436399619,0.007671498376548902,-0.001982547296274395,-0.00064652275946641,0.0005321443115587077,0.026112347878169136,0.007691872891363513,-0.09022126159655813,0.08337117142989314,0.036932724392454666,-0.02582601196335299,0.008685223493133068,0.039846133695450904,-0.003448069470931861,0.03326202921583449,0.0599077612640837,0.030681901917009223,-0.019533417765361546,0.058542542343081844,-0.014342752323650135,-0.005041461333124678,-0.05886015264394553,0.008093000567780697,0.0035980973091147006,-0.0050482907871960275,0.023419653831862036,0.048320449068222866
num__tot_closed_tl,0.14224338512851997,0.20219616021132186,-0.1600876787186017,-3.983211762614847e-05,-0.009751582317018446,-0.10758156739294243,-0.03712862882547376,-0.03926198325389396,0.0738617350697135,-0.1366427604628655,0.0120594979300844,-0.1591355203129523,0.0811780282028379,0.02556876898833678,0.06837608916287899,0.07207744863304805,-0.17294734232913533,0.12816140416619326,-0.035099562461114266,0.03271923501100406,0.007787779297161054,0.00833426479018956,0.0007412812633968702,0.0022718779407783773,0.042790339035739026,0.019151600428733956,-0.13407823545634892,0.13455409943511543,0.09008554842934796,-0.06493615036550976,0.010132875438482375,0.008885543172935537,-0.010880144930884197,0.027528686990574064,0.028462033877339837,0.033348009678579635,-0.02197329770854636,0.022780500344025248,-0.009457033343284404,-0.03237461361221132,0.02190087802242688,-0.014306326844781864,-0.051970545062017204,-0.024747267236987145,-0.00802686036481362,0.0320129191086511
num__tot_active_tl,0.21473941759348203,0.03953494987575759,-0.11037766871933208,0.18819896533689462,-0.06898961243610316,0.08181407342706674,0.044389532307745935,0.01927240304129281,0.01032232636282615,-0.052738660043889815,0.07798892972117921,0.060454312522629616,0.07953286283852432,-0.03474389707051386,-0.05297084649761174,-0.10383027344654906,0.02503575529814771,-0.0953436667932876,-0.004382197720014018,0.058505833191679346,0.0038118810865726653,-0.0278569044496228,-0.003950961354347547,-0.0042328911873294114,-0.029311491582359545,-0.025637216756470967,0.06551924887070057,-0.08821884778783591,-0.1182376735682156,0.0877234880928146,0.0008977966953469807,0.10177529627514108,0.01745277401059977,0.03272694768387635,0.11379337710595408,0.00952916250373376,-0.0041382755992655194,0.124271157525538,-0.020380045238050336,0.06828332470047208,-0.2413081864678474,0.0625131175795474,0.1462466131586601,0.048452972222547214,0.09422851673700805,0.06826427411489747
num__total_tl_opened_l6m,0.19574758221393107,-0.05472975664667229,-0.11361587815378899,0.13895567012599136,0.11162338022560735,-0.01562789086324153,0.016202532773482076,0.0180873956764534,0.07175979684195635,-0.0063789740003437345,0.05168405443934329,0.1496579211430367,0.08306015087099466,0.1862035586787426,-0.10998819627079737,0.010888906198423809,0.09903110907642326,-0.09684324438739926,-0.024899010498878986,-0.0792877463872764,-0.05342439430367452,0.011406811764822111,-0.0033395292756294593,-0.0022180355725874568,0.022175525591020054,0.10074005027921708,0.04987017878439629,-0.07338683402862575,-0.02510476418441654,0.049390183019714,0.02339684491337811,-0.05493011387497716,0.018737463163335882,0.00622515429760385,-0.036676965204576334,-0.06922961989617848,0.0666344125855595,-0.22523702250324346,0.03818326234896957,0.23767001850984942,-0.22461650735729788,0.0008111961902258352,0.19504245646419008,0.048261365664225855,-0.05683019219089312,0.13956043933688164
num__tot_tl_closed_l6m,0.16321294965510738,0.04747537880671926,-0.15179631794410986,-0.03953788575973016,0.21895755737168135,0.1535956748525038,0.058819363332982454,0.028149343326044435,0.07593410598400194,0.07043756704234197,-0.01109191477190889,0.06585151051854461,0.0026412860810995434,-0.002663836315144552,0.006860506986099114,-0.10523463141623898,-0.013751800122183619,0.013563510785511684,0.007512949424722731,0.11169650404904151,0.016180181668110076,0.06644812392805949,0.008396955453086056,0.017339153425678558,0.06779399455012904,0.21486038118446155,0.019202817494950834,0.020439529734206215,0.10653974366507435,-0.09464735043976505,-0.0065640320207535074,-0.20826293138883495,0.0054683690089425314,-0.12567005270364445,-0.2912605072197956,-0.17781731252223792,0.1294291013699705,-0.0038959892426490977,-0.005541508647452741,-0.07287704391656755,0.1363037334458773,0.01965687445799728,-0.1254441759244732,-0.03793041695807894,-0.3899681058792359,-0.05412458216155821
num__pct_tl_open_l6m,0.06686862339767097,-0.1630220059379608,0.0006781203382291157,0.19044358871672318,0.1152962337293811,-0.11112017336469115,-0.02224534722098706,-0.004129598104131937,0.07035937700087076,0.03003142892009271,-0.0070751532075470636,0.09044205024047049,-0.014963382478482466,0.29393804834651527,-0.054986203233277575,0.23031277184975352,0.1257800020864785,-0.06102625804537347,0.015445803683169166,-0.24025899884058313,-0.04466489289036897,0.05492905550111382,0.0030370808567163413,0.005144557000046235,0.0657341015192838,0.0079121060086082,-0.11855505359109705,0.1220876506289208,0.1547009194044881,-0.05777292524602619,0.014611716893972851,-0.07528182413396457,-0.026172475513757287,0.022402564367816527,0.06367292267880612,-0.02140040054572759,-0.007011277269354972,0.018396372200136034,-0.011315030437383532,-0.050744605500652046,0.02154119666630542,-0.06387111088363834,0.05227361766221114,-0.003669590290685215,0.03808666602171584,-0.09488780391037842
num__pct_tl_closed_l6m,0.03883197349277957,0.0032295464049089395,-0.06416913294333537,-0.14627340122513627,0.31315422958491546,0.14031860059317444,0.03552944314402956,0.0177264152669028,0.06095492990101597,0.18631311380540755,-0.12817739463506098,-0.01481090241667482,-0.1746809035997428,0.02792900093237574,0.08171292105575897,-0.006432893917703235,0.003213669904541243,0.025957289761401995,0.1006298379711025,0.02646148638050172,0.08646656302656336,0.0842087613199252,0.0041933139369041625,0.016359657296124194,0.12010009618198578,0.22224792325571852,-0.02667156669098167,-0.006382821837736342,-0.009331048253958557,-0.01957126886600513,0.003301946123339214,0.13298290213319325,0.04968634887274709,-0.06851203817976378,0.11519659996514717,-0.029294892576248073,0.08579813262126605,0.5293403326421815,-0.03320985767546755,0.11412231609933973,-0.21369459881337988,0.025754872711615855,-0.03335209021823721,-0.04485600425661344,-0.29201913908654176,0.13364592212657658
num__pct_active_tl,-0.011910226709353829,-0.18865764776543648,0.0948586878326588,0.3290359655943282,-0.13498524448960697,0.008446266880600503,0.01956838452264803,0.007777095915024956,-0.002907474469994939,-0.025371615606390067,0.029152136386049604,0.005929975328172271,0.031839636182251455,-0.09882527451189876,0.058079753173914186,-0.08045797539928948,-0.02648194628791442,0.06990091802775991,-0.005444607420723072,0.11400913200724819,0.03195915785139875,0.045458187121692306,0.006078525301967425,0.013677744332524763,0.02783351612312961,0.15857527274833075,-0.0099842676485603,0.009271308692368703,0.04712250283119565,-0.0585488371241982,-0.01588049309689929,-0.020469193534137037,0.019170312608029955,-0.07035722806172309,-0.048859549371365246,-0.11709873062399123,0.07220892824820532,0.16427260225338344,-0.018120567700551107,-0.04077237688531145,0.005213753808431157,0.009307121113859146,0.022226150470888217,-0.000298290788074463,0.1331006033875366,0.02885928594760153
num__pct_closed_tl,0.011910226709353816,0.18865764776543645,-0.09485868783265872,-0.3290359655943282,0.13498524448960678,-0.008446266880600566,-0.019568384522648113,-0.007777095915025067,0.002907474469994946,0.025371615606389966,-0.029152136386049632,-0.005929975328172299,-0.03183963618225144,0.09882527451189893,-0.058079753173914304,0.08045797539928956,0.026481946287914202,-0.06990091802775988,0.005444607420723013,-0.11400913200724853,-0.03195915785139894,-0.045458187121692195,-0.006078525301967758,-0.013677744332524638,-0.027833516123129762,-0.1585752727483316,0.009984267648560717,-0.009271308692368741,-0.04712250283119548,0.058548837124197714,0.015880493096899317,0.020469193534136686,-0.01917031260803008,0.07035722806172355,0.0488595493713642,0.11709873062399102,-0.07220892824820528,-0.16427260225338372,0.01812056770055101,0.040772376885311934,-0.005213753808430796,-0.009307121113858827,-0.02222615047088977,0.000298290788074064,-0.13310060338753565,-0.02885928594760189
num__total_tl_opened_l12m,0.2142341238143286,-0.02295748793188377,-0.14109289016407522,0.13334303543658158,0.10280525943290475,0.059767118108617984,0.03901557487199013,0.016104696908822942,0.07842497308243876,-0.016137998230207132,0.05461103585722843,0.11334549760194232,0.08712933217053413,0.03862743373861022,-0.06197685252773623,-0.11234073019123703,0.007809098678530607,-0.02941497891018352,-0.012916842686552996,0.035175905494125456,-0.01661443663584934,0.007088759910396217,-0.003753403382956655,0.0022624262184526046,-0.017009766874060896,0.09322963374168788,0.13705435919288106,-0.1368268784595974,-0.05623353286100724,0.05262569493782124,-0.024299063365554485,-0.03667284426153111,0.0145812462836825,-0.03361337691340108,-0.1194650378602844,0.20287837790050037,-0.14938652875513297,-0.17636397108026153,0.06981164467951118,0.2231485556475719,-0.06177929019232716,-0.008287116491435126,0.12584024571120248,0.03743539637115634,0.030825138514327638,0.03636370764771598
num__tot_tl_closed_l12m,0.17505565906540754,0.09035196694647273,-0.1643476379421945,-0.032374132503123924,0.18672394756814858,0.1281977624344956,0.04329127189838468,0.019694379232658904,0.0780739045580191,0.052788872305873646,-0.013406674318199183,0.032874690645568666,0.010499134602772492,-0.03200905989465244,0.01820057759603117,-0.09155341256161134,-0.03147909142012329,0.027386502214428954,-0.005671373146003696,0.10377853459923106,0.006609429312845486,0.05345030779061258,0.0021387048893819795,0.00675830142528458,0.045069110015683894,0.13392176585250992,0.025257467359354118,0.009495745721635834,0.08954850739566181,-0.06597077227824849,-0.024760098717222623,-0.1717488355716531,-0.019603105883233662,-0.06903479028755573,-0.262314373672817,-0.11939606339377645,0.015593892957754527,-0.2659769764288522,0.010004196794994757,-0.1991678890747383,0.2913596651874403,-0.06011923583487616,-0.025636344273671938,0.010537813786981988,0.2646539346066369,-0.13569311141665846
num__pct_tl_open_l12m,0.0460396301772531,-0.19396867519211766,0.008206469351508181,0.21497577263218906,0.130254282630969,-0.023955587161793378,0.0029128376770928555,-0.01212536894005084,0.08643417117117719,0.04235255213561431,-0.03098355347197196,0.02417210272361414,-0.04324459473907449,0.08396724869951311,0.05151283014639228,0.04232952581954133,-0.026042481235214326,0.09422556016692857,0.05359301900795092,-0.06503561665983845,0.033082092845444916,0.0628633640920494,0.00043924405383434506,0.015533344824519402,0.01829000868943966,0.06846869403314532,0.02540640346393328,-0.03318170565101455,0.01921096530115793,0.001192240360356367,-0.046506505442538044,0.0010302505810248774,-0.004183307914043338,-0.07423225214596872,-0.05869519195908836,0.5793289771867426,-0.4351627111187685,0.14872972891381764,0.07344411162977056,0.11606443711170775,0.22249858724328922,-0.08725871152395147,-0.08248532684288697,-0.03905231800496097,-0.035484174631938876,-0.1202822021063727
num__pct_tl_closed_l12m,0.033898299005517184,0.02927407532026716,-0.0654043699790406,-0.18260214548887196,0.3206452062422291,0.14159349040024502,0.028607031281516926,0.017235997218355597,0.06403838093538133,0.19216313858126777,-0.12723860694478528,-0.026241360783932896,-0.1846196266555612,0.007499784044503854,0.0896577911641197,-0.004614155493302699,0.011530166436704015,0.018134704134926405,0.08840876897578914,0.013646608051415654,0.0725392562609539,0.052953295350468825,-0.0036967059526188464,-0.0015814041944923114,0.07107951351989937,0.0933504645390792,-0.012690604727466429,-0.025714716818351552,-0.0516057430433112,0.030482561005892223,-0.0052959065929520655,0.15690115757898315,0.03345152421597079,0.02136487565274162,0.15155731638744974,-0.02169826985367314,-0.009686901786616096,0.04027114748810762,-0.013822403183715831,-0.05704372166127916,-0.03201355844605397,-0.016365996571118473,0.14352421273350682,0.05941824112737339,0.6727788568163056,-0.015773082175880825
num__tot_missed_pmnt,0.13387235884414037,0.04736072629226606,-0.12460100686370132,0.17544741095174649,-0.006954286385832467,-0.05416111810855315,-0.011452846758392143,0.002418410209754862,0.040205513547667826,0.0028341509782579127,-0.009669033624512206,0.06853756154960855,0.07127284428367835,0.06903152476292744,-0.11451827493154865,-0.06850426944540011,0.037757520037297904,-0.08744833344431699,0.003187251074279685,-0.031178058565283825,-0.02823635519887368,-0.016820522883123967,-0.0076854330219713225,-0.0090863224499306,-0.061577415729347974,0.19994023566136415,0.1468809927183855,-0.30208379852643436,-0.28715182952567353,0.31383447870202974,-0.02651933365017893,0.33120660259814494,0.018821772118741184,0.0949455396306605,0.32417150043941184,-0.13363182417583477,0.1384003274390865,-0.0207236488091546,0.0022315409441243245,-0.17060197081119366,0.34366110333886696,-0.08472396931065904,-0.16732143044211975,-0.058876153482568486,-0.12631770686795768,-0.12129472741605626
num__auto_tl,0.059878265099326644,0.06505529675636154,0.011940738789610566,-0.0015075999073815042,-0.06748733452363664,0.06623915463970481,0.01108103051089221,0.004413502904777045,-0.03143877177636112,-0.142060720725866,0.08902279635870325,-0.09945257955519027,0.013257024817635993,-0.06239249757543802,-0.1343652217108518,-0.1010060021197719,0.16374974150684674,-0.10946434115344356,0.11473339407628075,-0.009754753817784054,0.13463755894470705,-0.1848504008588368,-0.10825652705339925,-0.03854989834520477,0.7504072255162277,-0.08874150074643683,0.10362830394536403,-0.11699715609528645,0.04117457970041825,-0.04701875559406273,-0.02229162583591252,0.008239612192555923,-0.014806394284260352,-0.02613180413812205,0.007949123056263385,0.05736631619506084,-0.10381401411564908,-0.01597448342691729,-0.05534691601228081,-0.17348387437841595,0.023284593613858182,0.17643107460849083,0.13361547850111274,0.013817259721115345,-0.045128222603329105,0.11070878640120377
num__cc_tl,0.1152005132689386,-0.014314174097817904,0.040343046012861206,-0.058495330371601456,-0.21673499480246292,0.1945087332936496,0.07075878339314992,-0.03486896743392573,0.12446809564581897,-0.04404785200367696,0.07776631089654273,0.01297422592697875,-0.02734468479030902,-0.014118004770969875,0.177453689098917,0.2261476082789019,-0.12812441783518413,-0.2868050462020548,0.2432978772928099,-0.08083565776613934,0.08753847250301919,0.06793671055308645,0.018622278490693513,0.01164091363424287,-0.04874113261610914,0.09022907722652584,0.007943998766874655,0.03342053252703647,-0.16874216942702455,-0.14637108674874347,-0.007055223399767274,0.010637659975153452,-0.0010107570076190037,0.023585551086767034,0.0008901080690459362,0.009011420091495772,-0.028903280322226596,-0.018869911118981453,-0.004807963299239104,-0.054560043609614695,-0.03758540806944168,-0.16228966228849848,0.06703974093838123,0.04043047434454864,-0.053077142059517496,-4.993776461715031e-05
num__consumer_tl,0.16002948871562378,-0.02567907406692513,-0.07800326793581856,0.0017093621666456925,0.12075585058430167,0.21241920238029088,0.0986846783028843,0.03735047935547642,0.05469699120335536,-0.1223529672497916,0.1862239668549202,0.08577351531742777,0.10757648062244335,-0.005945703835440408,-0.0725079377040285,-0.15277705045282108,-0.013283012409624234,-0.013642602531557607,-0.0727577351992608,0.15006240194778175,-0.007008675228883647,-0.014941468098195299,0.027373763290813993,0.014548756834260379,-0.16884922284742407,-0.293357194945448,0.02776798352935478,0.048664575865402945,0.20154240104100893,-0.19393762032290612,-0.012477478940351477,-0.028595150122806674,0.011450594178385464,0.06743746636035845,0.2485944999137847,0.04729675309225493,0.025400358937541855,0.07411027667643286,-0.02528005945742494,-0.011698873733876514,-0.033219693608109876,0.08720316076060197,-0.14906764325658856,-0.031132594890636512,0.03701154812683123,-0.06489118290249384
num__gold_tl,0.0912504940253215,0.17944282433071057,-0.13224021287014986,0.04494391125518757,-0.020228221569380735,-0.21684643054346436,-0.07701666393966394,-0.06710822745873767,0.11297098492238702,-0.1404712165157493,-0.04006873002353403,-0.2046441836042013,0.076351004068337,0.045061495063595934,0.11608858122476609,0.0963480593746592,-0.1998892838265879,0.1541425497813642,-0.02894119235368109,0.00877841969639162,0.0008330356653878657,0.012200692490271439,0.0005223801179905785,7.814382411067133e-05,-0.01050480143286385,0.1593023187248102,0.04073674592684989,-0.02463344098142084,0.11659024588718271,-0.11479340254596898,-0.048197076050692615,0.05340457565383466,0.034918078316064444,0.010852246408912448,0.1364950538396404,-0.008434718146594787,0.04047124313806838,-0.009171692916635702,0.018993439399370426,0.10086691454651864,-0.038385261624361205,-0.015035531043865607,0.002824894433879302,0.007302077885342948,0.0261463747648102,-0.008544601895062095
num__home_tl,0.03342677447192416,0.05396224915893389,-7.549691836270582e-05,0.03994105526653885,-0.1714302024802074,0.12353376532158913,0.030177388519717796,0.045803805827678845,-0.21305102740701776,0.037057217207215915,-0.05975780398414088,-0.014778876682071285,-0.2105727711083461,0.44750863819151077,0.18453473833312983,-0.249669792263974,-0.1729119159060909,-0.03146257433070629,-0.08419194645859732,-0.0031504443287399624,-0.037167539169690796,0.007743961391192392,-0.005242638974976167,-0.00011249590547126112,0.032378877576378945,-0.02650076110694423,0.004930883955355653,-0.011168149934076513,0.003318673935450253,0.008305975335233445,0.00663140194337686,-0.01740304625527886,0.0009358126739852923,0.02860614493584503,-0.008347761781921148,0.019415891360086274,-0.02763130795968257,-0.02032128395545682,-0.013375326424845003,-0.036834954729956265,-0.02725424790897602,0.007178813204271876,-0.007719090743227935,-0.005405371955826786,-0.004119461550407738,0.02575637209404555
num__pl_tl,0.13415510380177934,0.006461108307548938,-0.03429608053064285,-0.05233240952289239,-0.0557745166040375,0.11315126483084725,0.04733568726525411,0.04595430088482502,-0.2199648257909752,0.006817956765790417,0.05132621043326904,0.1559851592426179,0.0044301570617134856,-0.11481744386404683,0.19979287628421644,0.2730874201232014,0.0683382093884953,0.19373315273004232,-0.2399934804774279,-0.1121396386351546,-0.18560736005965855,-0.009783907059826798,-0.01891477400836239,-0.0007411989229874072,0.09484341340547649,0.0666457287953775,0.0005728553409472675,-0.01747646602090564,0.00807229633691014,0.037805811565699315,-0.04268023698525972,0.16078892519029955,0.027604604011093117,0.04638961034707488,-0.15091530503134676,0.009430816926496407,-0.06315368980769281,-0.0360937180004503,0.014369386849058335,-0.07238180925582999,0.09039257802422607,-0.3388082657926731,0.014269512218365255,-0.07061954020401943,0.007896182073773975,0.5163425854504754
num__secured_tl,0.11060371838952716,0.2061400830511769,-0.14995997433031286,0.06452228799676789,-0.05394219527770458,-0.1896671657530228,-0.07232969591696692,-0.05477050995257485,0.07508525897575569,-0.11115566246545446,-0.04890907240531417,-0.198147735284273,0.056814592351369014,0.039413431205093497,0.0525078584771969,0.04754457751568175,-0.1605758528691152,0.10448047927056522,0.006502673906325985,0.002396442289287072,0.031351854993848974,-0.009226359692831212,-0.01485255068608761,-0.005962810201484318,0.10496069807880605,0.11624602012132804,-0.07937055746737395,0.05207366057672859,0.016385221145921378,0.011876637221357532,-0.0005094268189254902,0.04055591655693119,-0.004091211293899694,0.003896013925618556,0.015081446862810377,0.020626231267579814,-0.014357613315983711,0.01286520945620065,-0.004958653851407563,0.006319864261620067,-0.04103172935407831,0.034859450564272726,0.055951146768924286,0.02057895373706815,0.010980914910982256,-0.02150915928243055
num__unsecured_tl,0.2046777103381661,0.003692124983868767,-0.08585039810328132,0.009341820177807712,0.03755769373700467,0.22867804963684418,0.10401103308814094,0.04755505929144016,-0.001195984146748874,-0.07633576492304685,0.17449070493328353,0.13336019151790734,0.09813947182670774,-0.05429467736775659,-0.012914728666853934,-0.03293582679547302,0.008458062974711592,-0.03322546369555235,-0.08159195485700145,0.09873820917094854,-0.044016354613607325,0.013574576195227145,0.027600500013929774,0.012868872371886816,-0.1463892702849454,-0.2100758029494404,-0.048480672731234506,0.08641829893130337,0.05135859759280706,-0.08157005111209914,0.020613662347262467,0.010646156895458364,0.00021694498119642636,0.06750437984096147,0.10580222855600424,0.028942119350436682,-0.016026850883937793,0.10705500276838814,-0.02269311234506626,-0.023752474540622834,-0.052661249273350336,-0.049927352584161484,-0.10134817694230282,-0.05166749368068385,0.031411420244826904,0.1512243531953786
num__other_tl,0.10427151742234662,0.12406948303906688,-0.13127557914898103,0.10146535247745675,-0.039265643563562956,-0.01617958891887071,-0.005988647562459579,0.02124176763529624,-0.017805251095453806,0.09513066562307199,-0.03500303634062954,0.028445887937544517,0.03470791467028078,-0.061750983768239995,-0.16060311952777753,-0.06990784535871544,0.024692728217234484,-0.07256741233501182,0.044245609896491685,0.040693442278625515,0.029959887877104102,0.03764232494947678,0.01609866037546709,0.0004514764717062636,-0.054185535754548736,-0.07396292152844255,-0.4258857485844723,0.30319326274335223,-0.31894258829929434,0.3908615535760054,0.16943139439627464,-0.0357152415315552,-0.10327507078790357,-0.002589186078913195,-0.3029167114094657,0.03763206219799469,-0.10076855423679718,0.1526649177450422,-0.04379686497653645,-0.12370095453628051,-0.0875366203032101,0.06592640113002785,0.07188300672275319,0.009198863256280639,0.0028759132654730644,-0.007103039061617019
num__age_oldest_tl,0.05083017457047872,0.18537938839998108,-0.03929669481951864,-0.12129124412411998,-0.1800615086501355,0.029937930539425506,0.03168533285907834,0.0574385880503464,-0.15209290337929432,-0.06938450560119569,0.08950290695329377,0.06634779799801907,0.04625031401153412,0.09429867556462918,-0.18634342914329968,0.0468401035442744,0.04499371938497809,-0.11036708095895416,-0.008314364344489386,-0.04227959106101417,0.007198005174600314,-0.02424450276301647,-0.008979337250535221,-0.005133216625039058,0.1498052574253918,-0.08698835143205286,-0.05984465069263348,0.014860203978561332,-0.026165775920947557,-0.044105598057478754,-0.03610259348312807,-0.027560370608438134,-0.020958544759787062,-0.1283098475802687,-0.05932639097183038,-0.06490547795455093,0.09231426638486628,0.3707644866236998,0.14594292445383292,0.47551932400083974,0.4151938584049713,-0.09104123767228635,-0.12846894203911163,-0.06359399134961732,0.2020652651698811,-0.0600795270181276
num__age_newest_tl,-0.10906327672910314,0.07504026178322935,0.037038314297275735,-0.22155390503053538,-0.13015360208015184,-0.034740377219157265,0.012215211524325349,0.043288468266199254,-0.0796418676014428,-0.026614343584455136,0.04023363137593608,0.11379793989982975,0.17497218688208482,0.02219550520996519,-0.21559134140577935,-0.10276110318874151,-0.04831101185348953,-0.11819449827846484,-0.06733510125305223,0.00941565992822549,-0.1203635146185033,0.19714971763503625,0.028503617151624944,0.05108922793505412,0.0001399156641199717,0.3209779133234629,0.0014809551407997806,0.04704755851552271,0.11189245975440582,-0.06192801087286284,-0.014484672609515067,-0.012375537616463109,0.03307841772871534,0.008812653243930688,-0.016497117327155753,-0.03312132117819036,0.06289804359197382,0.019684701633584212,0.05585657550803372,0.1982594911720717,-0.12353870933929714,-0.20446361172658942,0.3735223455887148,0.02246874034385271,0.028371904404185314,-0.15244591076711753
num__time_since_recent_payment,-0.07605239524772642,0.0626967944441414,8.64746528921009e-05,-0.1926799360102321,-0.09385359047855349,-0.07981511122878472,-0.008267884690346238,0.017719664473904523,-0.05949668208844199,-0.044740990563021055,0.04219919199809541,0.12641143633931673,0.19365955217857528,0.1014379932978633,-0.2759116445159473,-0.024677123828571595,-0.03200668265801791,-0.16855212159782793,-0.07297418037512347,-0.10802389479298571,-0.17530099063345028,0.1922677014630711,0.02601913366225691,0.04756515693499309,-0.05253713103504296,0.3396639995652524,0.08725612419850406,-0.029898591233420424,0.14354065277086284,-0.027784455653947222,-0.02082778519494366,-0.05070952438737236,-0.007452302114664917,0.009702993073194506,0.013466047503643441,0.18060054797601008,-0.19842137830158277,0.18638885127016366,-0.12760395101042857,-0.41539828595890566,-0.08044337619960942,0.20751409556978406,-0.23744399726837306,0.0063160707742675026,0.12389398518941164,0.12797698604396068
num__time_since_first_deliquency,0.07944729750707138,0.1929440428889085,0.15341431079129167,0.004477261057279819,0.015588820170892592,-0.06113828560781437,-0.04298561280438729,-0.02048239301288277,0.005583741443762783,-0.1295440910424539,0.09669127569136927,-0.040348477505335184,-0.1278170802217642,-0.00545497425223429,0.1620593874153871,-0.0959755032402646,0.3611262636379535,-0.10113019126861625,-0.02252363499303276,0.023750068243456796,-0.005772185758547044,-0.1263725472868286,-0.0038125287882124492,-0.01818333846373027,-0.12076965565114642,0.16296322912667943,-0.04025878332679924,0.03146153426345941,0.05117510608244752,-0.03215643214589149,0.18227922713132447,0.008441690945223013,0.11336708873974986,-0.027758190288915578,0.0002848488113468377,0.027206791929936008,-0.04443782136422141,0.014593646283257489,0.016548475896337185,-0.009663120206588098,0.029146805395863146,-0.021851780350973307,0.0033867099123654487,0.0022507207596874903,0.015735946944249686,-0.013330163104804574
num__time_since_recent_deliquency,0.04453737143858823,0.13610822100601272,0.05712401996333161,-0.03559065140006472,0.007108002338107207,-0.13702689319337233,-0.039034551048379836,-0.021411864719323215,0.028562086237208413,-0.1493858292200621,0.1850315140137903,0.020758195955019335,-0.22216840692433024,-0.02716508954450974,0.18637476550203902,-0.1369386175634361,0.3656659214655503,-0.1167924149573488,-0.022543984628104682,0.033585247481321745,0.000531041717981573,-0.2272670185855986,-0.015511965253675382,-0.04038310642702784,-0.17949148847006172,0.23024426506058387,-0.0672242323074953,0.04930405645132686,0.07231071936421134,-0.05008513730419362,0.21920553443787172,0.017153056011583456,0.12108482303736749,-0.03103124306649891,0.010620421182827966,-0.012668001443070908,-0.14125240653324653,0.017414017437278023,0.03427532330064749,0.030347871514511376,0.024339148196911704,0.021909985198553084,-0.020409282228028486,-0.0029485418560924737,0.0034840035668266683,-0.014376779098706927
num__num_times_delinquent,0.09060487370863231,0.19803464891468878,0.23215448789254411,0.060046087668943704,0.037549591081654794,0.017474995082476272,-0.02620651831978917,-0.017339892976794606,-0.0004913454809949947,-0.05670305098251267,-0.05307429797014934,-0.10403460361969477,0.051056983539731565,0.02982836282275443,0.0827560501236877,-0.00986835173749033,0.20347299148964132,0.004371447134256509,-0.014656588036191187,0.020922848644704034,-0.01624267200555047,0.26450729895757946,0.04462523844782962,0.06267186033816272,0.03196238325312675,-0.0485889362988896,0.030052747925088635,-0.023403230400523042,-0.014607895266611187,-0.0008225417216348729,0.03184102234528957,0.0013265268680150155,0.01769917403758023,-0.002835349603315109,-0.005003493090927652,0.028999348520864426,0.016859339180355593,-0.006818350823717789,-0.013394228643826514,-0.026065190542115868,-0.0005256920491896466,-0.01921635464017308,0.015003660696528469,0.012590210578796886,-0.004543067772855375,0.01716137775878352
num__max_delinquency_level,0.062401866634557115,0.18346848887829534,0.23559633336508956,0.045057607449968604,0.06573008238011566,-0.11080373339817638,-0.0015114224718519582,0.0026702464078173956,0.059036026123078476,0.028945986538675444,0.1222212260197199,0.1849714506037118,-0.13545014706927216,-0.029666299807101018,0.0036660938371114726,-0.029091427752211477,-0.061142393182539945,0.0066567226934816925,0.007838466725590361,0.013417701614790348,0.012930888475703756,0.016373930333185297,-0.002486379645811651,-0.00019413614097783805,0.012762520419398259,-0.00835266179053562,-0.01467621463965424,0.005970496889110714,-0.02339099001109826,0.02693214325811455,-0.1917842892322266,-0.010904686001173294,-0.12356517401451593,0.024624240967239204,-0.02062704474070269,0.07914538736345186,0.12119345014375058,-0.010438717383924268,-0.03903605468920511,-0.023857047356171376,0.01092144815625079,-0.009612669424134093,-0.013139149063863279,-0.0010573368956219506,0.0065525325282868585,-0.0169881806973001
num__max_recent_level_of_deliq,0.05741341443945469,0.16251495172847366,0.22330055239870913,0.04225859163927993,0.06388159639734678,-0.10777427830629648,0.00957173395453869,0.013606660661436079,0.054775015599497545,0.04995553845502593,0.14165377170163848,0.22214374947736445,-0.14220797276797117,-0.03870642476138589,-0.028843751981356303,-0.018432864871071597,-0.15590785976693605,0.01535595562640385,0.01490240132181439,0.00236421371134915,0.01957526452067962,-0.14207608529569632,-0.026977474214720715,-0.03027512319849128,0.03049076858582611,0.05359496994028604,-0.05859836214448308,0.044446263860995636,0.006000245851758984,0.02865223500844801,-0.29963459202457915,-0.011254787910811387,-0.16525767490236115,0.043905694545201546,0.006898046086735887,0.12802363224630595,0.16516622553079324,-0.0010029170416076816,-0.038094497313413384,-0.024874030253625543,-0.01955153303301723,-0.012926251172943097,0.009400395142498436,0.0107546826702495,-0.0022171080529849244,-0.002038075622918968
num__num_deliq_6mts,0.05908839570208969,0.09081324743930135,0.19359936491498922,0.0740622474195657,0.022760778729067843,0.20154649764917532,-0.0024100080802387028,0.0006257575208642904,-0.05173362759022794,0.03388834809897473,-0.2095218283610589,-0.15650524905679902,0.20896677145888043,0.04966830602655365,-0.04470786503354257,0.06125917636377751,0.055322081308618376,-0.030202679410521044,-0.022276710630458857,-0.03275904536408955,-0.011701356680955038,-0.12198171945374825,-0.014880293019409713,-0.02797082361677805,-0.038165976793775314,0.03956979715316941,-0.008194332068514526,0.019465675456676858,0.008045812808969433,0.01508219107585071,0.08986780821111669,-0.032891350467580155,0.19865263146843373,-0.043791346039649355,-0.0636608698804708,0.44193344464686324,0.5170787118367951,-0.03361094641438825,-0.04477151766364165,-0.04606192779954821,-0.001115535072720747,-0.0037793096773525558,-0.013511192932279814,-0.009296889749111787,0.04964701753420683,0.006862989319398691
num__num_deliq_12mts,0.07001887247226404,0.11553441439406784,0.22491234241436797,0.07275871218074452,0.04075881967847865,0.22312497230637837,-0.0070059273898455945,-0.0019886149840369917,-0.0602430771316139,0.025388662468112264,-0.23046112334127525,-0.20578132952625003,0.22060214364147188,0.03842885668156188,-0.013423466833309756,0.024637504797690845,0.1431563578982688,-0.026603135179797108,-0.024113565544238692,-0.007454796566390906,-0.02918351829319673,-0.07113734190295562,-0.0016600773212201228,-0.01280673469954828,-0.06965625736269475,0.06754219853368554,-0.04020168924580192,0.033401056016963054,0.015084099714542594,0.020977994964107294,-0.19102686366111354,-0.033529811253722355,-0.0873809669031477,0.026547335729457763,0.022179072460882993,0.03786244731996109,0.0126929853625245,-0.019231344452454016,0.004694152325708578,0.03199531574197123,-0.010286207267141967,0.008548516617628881,-0.01777734512288162,-0.0077755345640272335,-0.00862510078134579,-0.00619828916319775
num__num_deliq_6_12mts,0.06305551715395008,0.10856165790238616,0.19997899133934047,0.05696773103576832,0.044566981136992284,0.19198058687295338,-0.00867555032626283,-0.003347548089010674,-0.05364722950326478,0.014442855946466092,-0.1973814881037798,-0.1969055741584493,0.1832564945488349,0.022959585885093253,0.010465302692938185,-0.005155560552201656,0.17316677581539655,-0.018719330583351054,-0.02041315442143922,0.011170222088713586,-0.035015206617869776,-0.022205346370960485,0.007612624655040215,6.363523391439418e-05,-0.07665886089710727,0.07260110313647097,-0.05358970094584384,0.035972002499860115,0.016748522722941937,0.020662658119783545,-0.3416725041330727,-0.02709003825899063,-0.2627386651374216,0.068632830880788,0.07563348420187649,-0.24291536927480745,-0.33070661542603735,-0.005574453382086703,0.037154679148101326,0.07817957607305667,-0.014374637201465042,0.015126241525459778,-0.017016800406265298,-0.005154183423636277,-0.04623032609315511,-0.01375321089368637
num__max_deliq_6mts,0.04534947357921908,0.10028510737371492,0.21743170685294627,0.07346616372527237,0.05529959513958596,0.09084774457780972,-0.006078776224808816,0.006763212546703615,0.0032599781799918692,0.107807416390715,-0.09856009691248255,0.08758195037631625,0.09647974363549243,0.0027890070524385644,-0.15701820677258427,0.0994368364958517,-0.28776470056212766,0.02131379163321074,-0.008766101578696863,-0.04097015201574075,-0.0009743121815367281,-0.24063155309448991,-0.04548842810213973,-0.0607035432625645,0.0014498079015657257,-0.002213768935522914,0.048018950516435774,-0.04123951815214635,0.06445342248506161,-0.04246973263113206,0.45212487027033677,0.04210024306247035,0.28330004000511233,-0.05867855675624869,-0.010405756571214508,-0.05469379656160484,-0.07324916914581273,0.0243811979661087,0.024492584297658753,-0.020789972375527262,0.02720136292025528,-0.011233761178835169,0.018498008932331847,0.017151148065033817,-0.02930205255483999,-0.009632464733635274
num__max_deliq_12mts,0.05293948252999162,0.12462385052038913,0.24897230453185892,0.07347306437774101,0.07651621574881624,0.08140576515306605,-0.010639253934276989,0.007772583161208054,0.007925076793409085,0.11008851458615002,-0.08387109372822892,0.09507755998804225,0.06801291078805957,-0.011905926008452998,-0.13255369022308805,0.06711586262771985,-0.259196494990492,0.03104930487009447,-0.0070455723350858444,-0.022800777901361216,-0.008671839125568917,-0.19639339625800423,-0.037573109251379466,-0.05009813775280053,-0.012237522588243739,0.011420973199871991,0.02298477367382823,-0.018709158002828075,0.04246083992113218,-0.027342207562121808,0.18059700060789166,0.026489568735452773,0.01939884917762695,-0.0022110970909969344,0.039901237858909394,-0.27837000860528643,-0.3572396722799108,-0.0015935927689531282,0.04446280117146809,0.03081172141255337,0.0036590874689134585,0.009215218137112366,0.009085943477703223,-0.0034014103400096737,0.007329407852418007,-0.013128494832687077
num__num_times_30p_dpd,0.07318416966067935,0.19311602074024944,0.22724520691961697,0.061005292942466545,0.05331388246650545,-0.07954204597753631,-0.022972851570789456,-0.01787643684416264,0.048679191545230614,-0.02375176472524192,0.012242388296077213,0.021140573613934267,-0.010316653771101601,0.015354783679393802,0.047806798154966024,0.0052649059889113,0.05510967097981846,0.04762530928923961,-0.00642362336389778,0.02830420841576322,-0.008429604120510345,0.427260512706709,0.0632753698243822,0.09158619812161231,0.06727906180977658,-0.16409844066212448,0.0907126762541491,-0.075357781015954,-0.04961433603777446,-0.006099350061749234,0.12575756616770173,0.00900442033428072,0.04439849586377041,-0.020451511207732136,-0.025499906992429898,-0.03482453249469551,-0.016223068150331303,-0.001117994367576885,-0.0018363742721206056,0.0004163591592756394,-0.003393818992610903,0.016417740024288932,-0.006515877120229163,0.0025413698933200875,-0.014037999988233893,0.012618671767476435
num__num_times_60p_dpd,0.06052302971760076,0.17612085404570835,0.22369209873801676,0.05840681504614318,0.05803476203186497,-0.10312331990403717,-0.007388378581496709,-0.011191339934380245,0.06429516469392267,0.006682192851748767,0.045783507784742924,0.10087970617181788,-0.041700497238293166,-0.0037126857662390282,0.017185531242571165,0.012877808547442846,-0.029814398171116297,0.05740885377724386,0.004873532554084861,0.02797295358461219,-0.003127468073599586,0.4351360290599159,0.06189866646196028,0.09016533581270769,0.07310638818857192,-0.19690755602068397,0.10136337661559312,-0.0810786024821557,-0.06980940314157016,7.381233543701793e-05,0.11832958254026725,0.006028492479896626,0.03920069273727592,-0.0165304891722214,-0.03627067322176146,-0.05103839354507751,-0.014546829851042997,0.004337292963413508,0.008553210892157902,0.007741554428243674,0.0028340628517646103,0.020777396891928188,-0.011452808170632406,-0.010886520344925179,-0.003991617457099916,0.014963185729369402
num__num_std,0.07468912214471965,0.16502538570381167,-0.15882525818966037,0.12066053426406102,-0.14711685798200355,-0.04057464015635438,-0.031078379197733073,0.003650212314838614,-0.12230291014046542,0.22110940753175806,-0.14628118329859607,0.0142942357737685,-0.14367338268005836,-0.172897536480013,-0.08155858563793927,0.011117895016067365,0.036544907780882895,-0.07826770078312384,0.027878162892047406,-0.028163366112924457,-0.023113274800150563,0.033759609987754395,0.005544973781412273,0.016882574002126217,-0.03032427473682972,-0.053930083535415375,-0.06294167539428165,0.08984004074795807,0.061506234820132455,-0.05928131413944013,0.019216060476850157,0.0016007951318404295,-0.014275945090048918,0.03692619221564415,0.04371327468334184,0.028140055415744672,0.008264616939875173,-0.029886442570472578,-0.008992847708701415,-0.04341199262358449,0.05696252810945843,-0.016062322189320775,-0.04803837148200572,-0.036236291137167226,0.06423793327657765,0.004341643784664492
num__num_std_6mts,0.06925480583417667,0.12500589120300631,-0.14581788988171587,0.15999189238801756,-0.13697336501323432,-0.0330427820026886,-0.029306843417058005,-0.001930309234388923,-0.12952608352758652,0.2507341854722207,-0.17721146728349388,0.04703053449519912,-0.17364732985678494,-0.19879602737639157,-0.06890751568708992,-0.00019545732965212722,0.07214922171694091,-0.09444815731189944,0.03298286112658531,-0.0508919095286028,-0.035460490888029855,0.05124355999628707,0.007921484768667322,0.02420799426996001,-0.0165196875183784,-0.012632966650876543,0.10239702469097797,-0.02259644911249714,0.1582885069278242,-0.16752181088348658,-0.028731578199602294,-0.03385449384467861,0.008770243128716625,0.019464290460862687,0.09562932079614184,0.06166648869138963,-0.03249832133722349,-0.04785894254776579,0.019429012058902122,0.06164560224947886,-0.07101803175632238,0.01517007681099462,0.012315643419342728,0.026958712966765316,-0.10468227541176263,-0.014742270340650976
num__num_std_12mts,0.07015986388607051,0.13922354750316573,-0.1533533064807585,0.149111995726308,-0.1412922533557551,-0.03046148203580843,-0.028270695095905407,-0.001205062514056098,-0.13158972493956045,0.25542159932981673,-0.17821064781837412,0.0402020066944428,-0.17823790506436163,-0.21220684344017876,-0.07400723063980164,-0.009186581222350285,0.059876139964693764,-0.09415652482044046,0.03490520435067484,-0.03451156436815396,-0.03005683158096478,0.05137459419518066,0.008103556335517386,0.023114258158353516,-0.024837295918907792,-0.01830397083076718,0.07179316279478508,0.0009333757696228656,0.13609696571467084,-0.14809707757803203,-0.011509702114379586,-0.013424130871735274,0.008171233670623904,0.02413271946760062,0.08586518657739563,0.05427285512151518,-0.007311611264849693,-0.053879262097875205,0.013830594806261644,0.006313281558393063,-0.02131827919385973,0.008021281927291554,-0.012672098216882657,0.011316928144658404,-0.01978367421540586,-0.033831692280113734
num__num_sub,0.004770232026077964,0.030792239535349902,0.01490368325493517,0.0012590675760200119,-0.02845815649152148,-0.06346674657360976,0.019231026270461873,0.17160613749687192,0.005084473618964102,0.3160775156067641,0.290604018191255,-0.16912338144344635,0.08660552606195818,0.024340683099185134,0.02028958583000314,0.0033093387776053917,0.010633897738890535,-0.005834758300075599,-0.010309344465887244,-0.00579098424194969,-0.003356294733117368,0.025140491798145113,0.006043568071060185,0.012418832119053785,0.025631298335539343,-0.030856886093536907,-0.08943214525304313,0.0857455139416389,-0.07122886285390224,0.09087779750200645,-0.3466627184839412,-0.13372237573806917,0.6534503346881686,-0.0573330453899241,0.08766894806223263,-0.06570102221956152,-0.13048121525459752,-0.05107610187412555,-0.19962493772309095,0.026932784267290927,0.022907459460348778,0.008333998050572972,0.014527758302022964,-0.0727585816038124,-0.03303429779926788,-0.004702526114393382
num__num_sub_6mts,0.0012571956555871722,0.012764026811638865,0.010215670779080517,0.0036603159666977027,-0.014994409499531606,-0.04180246516711326,0.007551678368844428,0.1372105657274753,0.00010536637186830775,0.36509910450051986,0.33358602440938095,-0.23326644802366295,0.13954047711363013,0.05747240746753804,0.0562714210074716,0.015849998011620903,0.02195531047713359,0.010705876239936393,-0.0021400452058698907,-0.002819977774275069,0.006653157938887334,-0.0316380477083438,-0.0029963846278885445,-0.007348429797877289,-0.01746396647287565,0.030504858847214003,0.07523378647619125,-0.07623122766773835,0.05144167199345352,-0.060107893942711696,0.22180837637347411,0.08273286243758075,-0.40931686972342884,0.038758250810534446,-0.05792280424960469,0.05438625571954414,0.07572977927832403,0.0334709656562556,0.16373996028104376,-0.024732184545363745,-0.031531930911572525,0.02182610716357719,0.0013483315199164965,0.08588769056386407,-0.015451801932852921,0.036579539500230546
num__num_sub_12mts,0.0015202023815477361,0.01737244888935046,0.01258027531285887,0.003514108341902646,-0.01821297637041539,-0.043530405624250555,0.011192855440122992,0.14839741404338808,0.0010430543847480146,0.39521659829392175,0.3551459576485072,-0.24383615369539727,0.14007550969006918,0.05048587126931042,0.052849411029261946,0.014867283865520942,0.023321307308406078,0.0075254708275886845,-0.0069580626099274775,-0.0052835115646075945,0.0016217738365615006,-0.011565336749845416,-0.0017880911883003114,-0.003419092555067435,-0.009080718427470116,0.017865942263896428,0.05067336184459472,-0.05136370178374997,0.0270303640827379,-0.03516538669825413,0.11213216035554832,0.04189839980716935,-0.13376734375106505,0.011249147418630891,-0.01314788064967673,0.011188444073511009,0.0036929874757792025,-0.007212531778197844,-0.09070330131922372,0.01810828767706016,0.02595436971836307,-0.02635185655144802,-0.002185474628630432,-0.04088139949801764,0.022783495503415227,-0.036066834728962126
num__num_dbt,-0.002453974735079578,0.0134609155864366,0.010900432570100555,-0.009561990194533491,-0.039287010020515926,-0.053056025207757145,0.0333407078898961,0.5031162456641526,0.11318514905886061,-0.052528166909241815,-0.07902119481537699,-4.424219999980085e-05,-0.020101201242346062,-0.012150764647240532,0.015624242517611225,0.014804671503036125,0.0050321467133821254,0.005965123652887698,0.003863157989569474,-0.003620637636060303,0.007001692155837758,0.004791251382297283,0.0009923692489049105,0.0023124598153922357,0.01456688050865805,-0.026224513797095825,-0.026933409289055247,0.021859143052003968,-0.01244156043800107,0.026721550766180463,-0.10566641880668964,-0.027960423719654404,0.14365869515314492,-0.011606547424673572,0.02683115408444376,0.00515294561614657,0.022632557865779633,0.016659748104155186,0.769831978743713,-0.19523915622348514,-0.09672460785687764,0.05882141688296394,-0.03567203281100728,0.02768740745033073,-0.006011292924249698,0.019258243991757434
num__num_dbt_6mts,-0.003798648638711783,0.0033610055945736644,0.002174916376100117,-0.006024099387665231,-0.0399809297515063,-0.03925368997274372,0.03484021273431802,0.5361522192299285,0.12116908936636687,-0.11676418159630762,-0.15979763484614048,0.016228549557202376,-0.03876323631852892,-0.02286163521427295,0.015710862979299065,0.020802107595757242,0.010483784249195355,0.0034010696200081764,0.0020672444429174486,-0.001098115557781252,0.002471792217859696,-0.013119467690731895,-0.005178190812885508,-0.009549979396842878,-0.017002020817014296,0.005223197044834838,0.024438866298916177,-0.019972235996722883,0.014593505107304977,-0.025574039420382718,0.08190766294722227,0.023383798798788547,-0.11163281684877038,0.021284215028419463,-0.012131077933426132,0.011614598450722734,-0.0195919302391062,-0.022691011558775592,-0.43635369907931676,0.09985040880693746,0.05245105379077647,-0.023468476751730676,0.011008424132238598,-0.009602997791027041,-0.01077026695347022,-0.009967640930587357
num__num_dbt_12mts,-0.0037894433755347456,0.00552730925332029,0.003956823589036469,-0.005950493251646558,-0.04152812076552239,-0.04325311799368502,0.0359101365504229,0.5565449010543643,0.12636983814562305,-0.11281127909861959,-0.1563282448890864,0.015884505615512044,-0.036319964218619695,-0.024051702988113162,0.015758983322852277,0.02052468966186611,0.009794583028329487,0.0032889904703279765,0.001914833684546249,3.927760055871636e-05,0.002080846198210695,-0.00946421723004813,-0.004175071478025958,-0.007482102265670039,-0.011959443336684833,-0.0002607571698201253,0.01581596073253778,-0.012007897118847677,0.008958589125224077,-0.016350063997878528,0.052575288681112574,0.014872365540156085,-0.07217956251602507,0.011426028775129236,-0.007841534479648235,0.006320747259072529,-0.012037931256893362,-0.013900415184295883,-0.23287951058076858,0.05254931699390889,0.020378540925017178,-0.014527282992358146,0.009324891123964507,-0.007560746062839651,-0.00046980789735578954,-0.003404254530570694
num__num_lss,0.0007140352776625752,0.017846208171440493,0.01922097037037203,-0.0017926106980239336,0.0060479947696800524,-0.14909564932665653,0.5165355473440106,-0.051123599131460196,-0.022458895917187666,0.019395468242949708,-0.06098675129282557,-0.041312056766868985,0.022335421207523617,0.0028305552003562266,0.007589750403567894,-0.0034266614035402126,0.010778391090506698,-0.010130542547095951,-0.0008463674123481931,-0.006338141514401957,-0.007444522867326629,-0.018872067492662525,-0.0010012901701729193,-5.291444472618062e-05,0.0016347743240426593,-6.112431755429804e-05,-0.012448628713889562,0.01683195384721311,-0.011190016770433025,0.01671433138784007,-0.023885859488146297,-0.011276968163489855,0.058727715110426744,-0.016741209392086086,-0.0004616399139607194,-0.01909679649493945,-0.006889287736611342,0.00978519515614034,-0.039538193794305364,0.06481728237593647,0.05933028624041764,-0.009276409139810371,-0.17522195306155228,0.7874545656219343,-0.017332480050474497,0.08790353344666924
num__num_lss_6mts,0.0007646258510892135,0.014183924325590812,0.018809873989143765,-0.004065293664778026,0.009426231195802376,-0.15934288569569408,0.5505188003338233,-0.06065513730539367,-0.02553734149579367,0.007234563796102342,-0.07627269666538124,-0.04419583330551179,0.023032301814859064,0.0011359990176591167,0.01146868901255186,-0.0006971299955331745,0.020186142006255098,-0.010069587357642077,0.002212022116767514,-0.002028799865125488,0.002393105562838921,-0.021923290275646067,-0.002230023646085273,-0.003487771610120413,-0.004617984133824915,-0.0007356467719513982,0.009143263373670427,-0.010703263667213726,0.006559096214841527,-0.009780901675494915,0.03562310831958238,0.008314985083095972,-0.025365759028252933,0.00852796368311993,-0.0008491045247711465,0.0043494974090823035,-0.010617579052336033,-0.012826744898317283,0.02187998615616378,-0.04382261310497337,-0.03661418209319195,0.006053065331203825,0.09851755144847008,-0.4540629940186873,0.00999127518817483,-0.053501996303910726
num__num_lss_12mts,0.0010809757141393636,0.015026262333058316,0.01935673209746994,-0.0030718284621397214,0.009887280219345878,-0.16214152378775135,0.5615145131089703,-0.061580792103996446,-0.024444377592034123,0.007790452252433845,-0.07694474542660121,-0.044150311772606206,0.023434826725505356,0.0015951497862637832,0.01210216650221023,-0.00043827925667763723,0.019242149251311333,-0.006996510647561391,0.002959606674094832,-0.0033841372273422515,0.0020959160150511025,-0.021486647365866317,-0.0028622796517801703,-0.004420095892044593,-0.0034393180733099382,-0.006062622753966129,0.00761475983261789,-0.007337643970671945,0.004096830938443437,-0.008199070494628185,0.027759199414645615,0.007291127975432828,-0.023035830553325504,0.006248597302698302,0.0023892111825263747,0.0030912437745689303,-0.006516515384785315,-0.013418439948189387,0.019131580525734954,-0.027549013757489832,-0.02050221200639138,0.005798770715827621,0.05881166312525333,-0.2742331736883973,0.002662167208797528,-0.030738479213527292
num__recent_level_of_deliq,0.04699096712464222,0.14865822643817214,0.22360991686480108,0.035164086424335654,0.07060530244738612,-0.10288584335543409,0.016559219771048676,0.01688608638630179,0.051048247086465784,0.062426587922882866,0.14314956029828121,0.2338771670954349,-0.13747003219215442,-0.03892515449105478,-0.04650944584105448,-0.018305192191817803,-0.17844058057859952,0.009076682834659525,0.0029972687575118423,0.002344542862786847,0.0118634486724281,-0.218914208739147,-0.03814631845039016,-0.04747634485659303,0.008666942842713202,0.09025583813966566,-0.06030662212427315,0.057054936519442656,0.023024827878595763,-0.002615705938481566,-0.2056075604220984,-0.0169070843218423,-0.10697665552389674,0.033730823734246296,0.02462460551587938,0.06935989904927156,0.06633948879620649,-0.022327511158723966,-0.016468843926977755,0.008537462585518574,-0.046711960723316195,0.020952813857326256,-0.004420045616157199,-0.02226220432422043,0.0004253880179318076,0.03511657227434942
num__tot_enq,0.2411090621997593,-0.0636918792510994,0.05563594626410403,-0.0961040284411317,-0.052893138641386964,0.044171925435547654,0.01451992234457117,0.014648930162126272,-0.055178825652116244,-0.06451309751689875,0.04839068099137141,-0.029996995108378954,0.03358302763279237,-0.06568119883215243,0.009566694545127194,-0.14573094850588705,0.0005165459543701977,0.04173946161843647,0.10673509826845828,-0.14319057269815877,0.026997658426798896,-0.019915052864806826,-0.009103513428485931,-0.0042717955279137736,0.05127324241475309,-0.11613537517866632,-0.003954724765437914,0.04246541322167348,0.05553642269461669,-0.03742543321081772,-0.013232004183763746,0.04160357364281443,0.00015547747221708944,0.021243982241283946,0.02809827885206396,0.014176121522088865,-0.03310448460048506,0.10247477554917814,-0.03688315467596469,-0.2010236287744394,-0.05661076401434807,-0.2129140038607165,0.12099488557961399,0.07650716594198773,-0.042072300038914504,-0.2625415218546614
num__cc_enq,0.16586601184115501,-0.06241646223220176,0.06980029535157253,-0.1314119303517086,-0.2150492158266118,0.09140874869360191,0.031257426985446715,-0.048650561042035995,0.16466494427929518,0.020092459134363853,0.00577697032843982,0.0031813629273529636,-0.019430518273547828,-0.06230089245698408,0.11091847990549825,0.026200291149493335,-0.049128818425315884,-0.06469569843560091,0.14838118233214312,-0.10334934920506207,0.053921250617501186,0.050934914207039175,0.007025565367602482,0.0033571685373617356,-0.042338862028126215,-0.02405096647347109,-0.07226854379305112,-0.09510306179399469,0.3013462720659953,0.257493288122254,-0.007444844195945991,0.010970680357673082,-0.0003329458773433727,-0.0018532559406229075,0.020793230009168953,-0.023695960601472943,0.015739797978826253,0.059890669474812405,-0.00625399756743826,-0.12084972166009156,0.029027811026615752,-0.21694964650214593,0.15407866154572847,0.07865849081976103,-0.09615325894183008,-0.1505026458167183
num__cc_enq_l6m,0.15826970376940996,-0.10271732368652488,0.07018900638988451,-0.14419973769905106,-0.19603584435725938,-0.02255360710646358,-0.010009036906387804,-0.06949092614523779,0.22812674902271404,0.10668740678266397,-0.08098428139564387,-0.014329018565304611,-0.06635180445733409,0.01881377601314465,-0.0754016845604307,-0.03141588917656037,0.051158826516399566,0.08692861720251921,-0.08599476193222046,0.04473955276461851,0.013587241393802674,0.0019484597282794017,-0.0003290399783789453,-8.53307512866091e-05,-0.004408984224478295,-0.017221445366518845,-0.06189284102074814,-0.08891598596699885,0.21789895370338955,0.1946617751920317,0.005037859333997842,0.031905428619065285,0.004548903948161055,-0.022872497817711557,-0.034969163489437245,-0.0288013566629383,0.02750801938131897,-0.04477363675563728,0.006738686987573524,0.1270430733520394,0.012990997979325791,0.19101495626237053,-0.11590532037361759,-0.0735120735180202,0.06699871420392767,0.18879719909463477
num__cc_enq_l12m,0.1659082327703745,-0.09610836918617281,0.0707562202102987,-0.14094421303772184,-0.20101035220068306,0.01773004304888075,0.004695340793615654,-0.06322822048130738,0.21080859806389338,0.07822483638784034,-0.05370717207307619,-0.008143309397532215,-0.04246375535678807,-0.024973916334141005,0.0011150699300103532,-0.038387078479274736,0.004542119264337854,0.0346127975765697,0.02674659661744576,-0.03192641215568332,0.037988657727297495,0.027908075862729025,0.004570333030246489,0.003834641682885831,-0.03288552085767166,-0.014277890115655001,-0.0710647090110572,-0.12837661224284055,0.3201125771176524,0.2946509392152348,-0.0007344053069282541,0.02772878545492031,0.00795693794631723,-0.027053992755256658,-0.04563758468631788,-0.0011446586002400588,0.010055676584322118,-0.03825571309458549,0.012028974361659762,0.12283124610508035,0.03494033990249318,0.17352721230448578,-0.0750284383205316,-0.049752983410900065,0.04338441533528037,0.09590452865500074
num__pl_enq,0.20732335906223595,-0.08171606616372118,0.039016291552914764,-0.12155598622279612,-0.023838123293803054,-0.03305676243845703,-0.012274526976840217,0.03396265747415833,-0.19606187931759755,-0.0025721934542115485,-0.0008886151003202751,0.07702279936474955,0.07898607876945246,-0.11560609938887682,0.16485912746318582,0.01750195291255848,-0.023085480236071397,0.10717579004807767,-0.005188697538971444,-0.08707375443872734,-0.01578454519544421,-0.003190042660365537,-0.010799768951454888,-0.011273148130055907,0.01974923778938474,0.024003079137830063,-0.012035688942632211,-0.002765467899525198,-0.09263720936786601,0.033084886762886886,0.08189295050160171,-0.29552533518813734,-0.05913246732653367,0.007760786936185336,0.23689020690365553,0.013217779350757769,0.010969897846712692,0.07179219356268939,-0.007537764642057923,-0.10873944184294852,0.08958331315690636,-0.07978340072806168,0.06837561788984743,0.014591546619919814,-0.035909610445211834,-0.032906797956592265
num__pl_enq_l6m,0.17963233955503755,-0.1296111486014852,0.059394430886491024,-0.11556360950309442,0.037663630602666094,-0.19034545343555126,-0.0734719580039218,0.026759899518496878,-0.197972599728624,0.04123503950898535,-0.07979928770500931,0.035697370118245454,0.08426513877745803,-0.03282666367478052,0.07309442048579586,-0.03070766741925764,-0.026646752535624294,-0.0020592390243253274,0.05860171578541033,0.04111365001313259,0.04981927494304743,-0.0006213247094578739,-0.0026002157412870347,-0.0067045320642306755,0.021613315380086484,0.06615686378524512,-0.024828689606276835,-0.012682340228529813,-0.12612132557819267,-0.002728932140831017,0.06944894057761661,-0.22499577619073236,-0.037814235978235966,-0.014548906279001884,0.13707480571906966,-0.03310276454062058,0.049141529079003765,-0.05696847938219146,0.007599899233460286,0.09060331777911865,-0.002662143478469112,0.14782486760706381,-0.06782421157499116,-0.030241835746070554,0.026765684299964704,0.12510868631820307
num__pl_enq_l12m,0.1911239351939698,-0.12364636394611801,0.053608204618691986,-0.11743389124019525,0.0228260210029655,-0.13808363646410898,-0.053395277507111844,0.025580592272979874,-0.18010853069156624,0.03251436704710569,-0.056112402170004766,0.052777941974134365,0.08531164941312751,-0.08076184288037865,0.11292693863918163,-0.05195418315259129,-0.03011870020162223,0.08074738731677403,0.04620102058031127,-0.038475895489353484,0.018099533436235285,0.007963359972545382,-0.008305646143397925,-0.009805435635718444,0.021854223556744032,0.0858685496386099,-0.012696364930269367,-0.031431053351027985,-0.14317656916632815,0.04109059418931234,0.09410555619917751,-0.3293266735745327,-0.05603325151299593,-0.015895710022467868,0.1957730151538249,0.025524015187223713,0.009048017766396618,-0.022836202068923457,0.012215062299336582,0.07698479768563468,0.03304947007658207,0.13914976931105863,-0.0033579507843375933,-0.009035229718969758,0.030432181569658392,0.014288928598998232
num__time_since_recent_enq,-0.10305653697659842,0.07712567565939625,-0.05885265204538297,-0.05097696687359988,-0.09907479264471415,-0.07705847059037083,-0.03844804217914033,-0.037931869581634824,0.11613011646571343,0.1593659241723298,-0.13138497391177337,0.3273033472709992,0.32166008239574845,0.09911223162069693,0.25222068158879096,-0.07723677830080523,0.10093327252431333,0.008882580670362156,0.06146502191348617,0.0998452017506997,0.052349651856247015,-0.04633114250022087,-0.005991602521313581,-0.011316522575212828,0.0537829851706892,-0.05104428194264012,-0.023443921684364478,0.07326746654386859,0.017575246576248284,-0.08693093263242191,-0.01126098139980039,0.09927925576186691,0.010591720816075921,-0.0008303105253706922,0.030974103217598456,0.019056995952497907,-0.010672087146559484,0.01100120313039998,-0.0076519962519070485,-0.02152755763388127,0.06949285053841577,0.07701764668286698,0.08090137835007824,0.01672163432978919,-0.020839835033316045,0.011028828602514947
num__enq_l12m,0.2227395358146937,-0.13950210543157388,0.06796342956734296,-0.08175645272586297,0.0017373583525187638,-0.08902259676554279,-0.03379830363024336,0.005115818342228113,-0.040255075124851145,0.0005062848076558565,-0.02809967172508617,-0.026348708296957304,0.04014910008484217,-0.028710856276958716,-0.0381989880034559,-0.1877671351606724,-0.007273431395430546,0.09025919004760101,0.10234314792502702,-0.1560788810668135,0.01874140708363399,-0.0021094699261144474,0.0017108937720841425,0.0011158720280593677,-0.026361444896161712,-0.02176315162350865,0.024206065998403185,0.028795251675824893,-0.024393847912507025,-0.07665680462105506,-0.025912600740944713,0.08761354743053743,0.02696869028197566,-0.00502722672330639,-0.07693847929164416,0.07157939200277476,-0.05527866961676825,0.006410667684227062,0.009630966114811429,0.05227627139922627,-0.054721352289098434,-0.028516153512223086,0.0011583787177996754,0.01481996537813151,0.017371537054571534,-0.09781962309315848
num__enq_l6m,0.2079744649227391,-0.1443673075060696,0.07331753517543792,-0.0843475063950672,0.01131546032458764,-0.1536656464143966,-0.05755679143417079,0.00515005716811128,-0.05809899574469168,0.01708078611935009,-0.053387145021494435,-0.03064268213983463,0.03244489637710443,0.025436310163806278,-0.08832242860192094,-0.1522560059095629,0.019310463340753092,0.05730363844407921,0.083146687663858,-0.14675402264085008,0.01245659243495996,-0.008878021692277357,0.007830820744023918,0.003548437714550207,-0.03398724451967282,-0.0217507692625538,0.004996594680765243,0.07560433779585095,-0.0561264298572976,-0.16518725445420657,-0.033488285042706956,0.1729154811618547,0.0364004736180509,0.007140024981582328,-0.12337136530200202,-0.055987579838904095,0.03213843823758074,-0.03874871445403021,-0.0036970042761871524,0.037116324024071654,-0.06838734806583281,-0.0002696868063571528,-0.05031430049769081,-0.010322081468660621,0.021647289873502618,0.028110169206786842
num__enq_l3m,0.17180424954737764,-0.12278717178803983,0.07417964906045066,-0.08171004948609159,0.006401391308995582,-0.15335817505360508,-0.06013243432778563,0.0055270895056464915,-0.06317883138073244,0.010598778503012708,-0.056285123062547765,-0.0675341121059991,0.0105565438158905,0.008674942085653857,-0.12226990545208884,-0.18312409222285278,0.009264967774715561,0.06829117490163558,0.09453312511260148,-0.1677121418059834,0.006949563852210405,-0.019292360883938594,0.012655066225673181,0.00427167826380128,-0.08407512991803942,-0.02994733300638591,0.021320952354308344,0.0982781980077423,-0.09856074691288233,-0.24222043878913424,-0.08091020099904939,0.35015761593638095,0.059377524954345534,0.009718915640861026,-0.21396472050921017,-0.0957944853190364,0.05236078089041006,-0.021934084339757465,-0.005567928633525232,-0.04383093317530656,0.0326940027885253,-0.01815551509750757,-0.1476927080285805,-0.04109236600291687,-0.002754359192219377,0.05957394705969725
num__age,-8.1781442995435e-05,0.10155983657122054,-0.03914619229273654,-0.02784948274355259,-0.1123515382728887,0.07016966028450333,0.03885373784777159,0.03898705315830967,-0.1671860219540271,-0.02457950952213571,0.06244517955893315,0.09218450472711955,-0.018159516225063756,0.14309262188189828,-0.18590424306341274,0.1416899769065223,0.11147481502866469,0.28338378300560546,0.11081612743866387,0.05326879887405281,0.36124279606840015,0.03234209234291539,0.024213600979426153,-0.013412853559175795,-0.16232245774246692,0.023744521636758206,-0.19347058604045453,-0.19521000574728883,-0.01676629409455592,-0.10238228947971731,-0.04326475348803923,0.07771269588871674,-0.07203064980837226,-0.5926204556830044,0.11775881568172,0.017654970267700826,-0.02985719944224383,-0.130046181748588,-0.03036889043741641,-0.09343276609825787,-0.07611694237833648,-0.017777823621329153,0.024853974090083598,0.014307364015771214,-0.01758775588697542,-0.008215657447876099
num__time_with_curr_empr,-0.01115319279978428,0.06102652236037562,-0.02138299528501269,-0.005192112828680974,-0.08807858875104467,0.05516569442414913,0.032778675074595046,0.023978134651503974,-0.14031849089778628,-0.01599182272384577,0.04752761450518698,0.08079406684744361,-0.0277534308406682,0.14088199288397282,-0.1668065269829786,0.13810120145168148,0.1424763949623825,0.34183504337712356,0.22276096882483065,0.11872784357046173,0.4125062764003111,0.018370437292643545,0.021549349879755667,-0.02704667908707994,-0.08581019323440212,0.1114836929029491,0.07812987095767898,-0.056048822389937136,0.046096177125766635,-0.003314006792526164,0.017869588722791527,-0.1058645340502902,0.11163705511219714,0.6592982885579944,-0.13470323462882328,-0.000774838036644937,-0.008877581725132783,0.05610058419613277,0.0038757414212202065,0.006706472330656056,0.011368955806680889,0.021827080068495854,0.007985847124236617,0.015092300389115874,-0.00033401535371986243,-0.011965522383183911
num__pct_of_active_tls_ever,-0.01191022670935378,-0.1886576477654365,0.09485868783265872,0.32903596559432824,-0.134985244489607,0.008446266880600527,0.019568384522648256,0.007777095915024882,-0.0029074744699951163,-0.025371615606390167,0.029152136386049386,0.005929975328172267,0.031839636182251344,-0.09882527451189833,0.05807975317391426,-0.08045797539928935,-0.026481946287914438,0.0699009180277599,-0.0054446074207229606,0.1140091320072482,0.03195915785139897,0.045458187121691945,0.006078525301967522,0.013677744332524625,0.027833516123129544,0.1585752727483311,-0.009984267648560669,0.009271308692368696,0.047122502831195213,-0.0585488371241974,-0.01588049309689927,-0.02046919353413642,0.019170312608029934,-0.07035722806172306,-0.04885954937136416,-0.11709873062399083,0.07220892824820531,0.16427260225338403,-0.018120567700550934,-0.04077237688531118,0.0052137538084305515,0.009307121113858839,0.022226150470889945,-0.0002982907880738992,0.13310060338753654,0.028859285947602148
num__pct_opened_tls_l6m_of_l12m,0.10344746542469263,-0.0969680242888542,-0.03109056423092109,0.1798690195362108,0.09804693652923992,-0.10175222053935928,-0.024144474019896136,-0.00288830475048808,0.05836758251342359,0.01836474709424008,0.006165200331219229,0.07820535384636695,-0.032777101920623546,0.3100558349353547,-0.06344098441019656,0.27590891156140546,0.17649626690582954,-0.10727696987410307,0.012669488150250853,-0.25512303640857403,-0.03290232543826557,-0.017637934039097285,-0.00541634027075099,-0.009182287853451796,0.08549696265161881,-0.08615930562885223,-0.14151920028559944,0.11698796115887472,0.1441675376837144,-0.05080155533065809,0.027821482705213132,-0.10337343878181653,-0.033049401356516774,0.01886122135019007,0.09318203886332183,-0.2035033569782915,0.13871684587854424,0.0466920119122203,-0.03308647342422709,-0.09013326475337272,-0.013475243055142208,0.03728217103408398,-0.04798940512784222,-0.00136383539580473,0.05787493759938041,-0.002192244122102102
num__pct_currentbal_all_tl,-0.0001463482143277406,-0.0005531580951111854,-0.0006363361959423634,0.004915208051277123,-0.003439703072356545,-0.0013376726478415094,-0.0003150652654656294,-0.00038063169469192116,-0.0009149787993225602,0.0026362110218058643,-0.0010321947610770362,-0.0015160780680530804,-0.005845379043372814,-0.015081843874082667,0.00020078351245506054,-0.010138978188732245,-0.0055171675911846185,-0.008498211338056949,-0.011305907668100607,-0.007622452480867459,-0.02874894046823101,-0.012826720743264547,0.8258730860180139,-0.5547285536906172,0.08901438951078175,0.009147365447231659,0.006163341832681344,-0.009483703685621875,0.00466916802257214,0.0009640557460328554,-0.0016718943473739978,0.0034136844121128718,8.350154497843709e-05,-0.005310879491703136,0.005111278987704249,0.009216243679231101,-0.008052977271560277,-0.00485987506865686,-0.000550814027171033,-0.0015438651011979191,-0.0037325403010864617,-0.00212135321339417,-0.0034432636004072953,-3.67752969641557e-05,-0.001532414921595865,-0.003006441910929414
num__cc_flag,0.11191656276285074,-0.0215794110514264,0.04688960285461,-0.049078907694355016,-0.2102399598983564,0.178225370812803,0.06278968301675578,-0.042909932258266045,0.15032051157132964,-0.02908569629736649,0.06061989024479613,-0.008651100255194664,-0.04598866187460807,-0.003902027396079301,0.1246111933863087,0.25131134012408407,-0.1098143171751817,-0.2723954928448987,0.19771468158584868,-0.02762312568147742,0.07938316737013204,0.05874646456690208,0.01602804720410517,0.010399898856095286,-0.03769336841972457,0.13446925733126258,0.034902210542786284,0.05255454812811648,-0.27565451501284344,-0.22203049096985428,-0.015155573986478238,0.003727180618896167,0.0009437913957007181,0.004781796112875991,-0.07061480799443834,0.005860149846896739,-0.0251280169018466,-0.12029927488233115,0.007405761717438758,0.07463970327840075,0.0004267870289465514,0.27691656342328164,-0.1636551107019378,-0.07296896319723503,0.05901199306843563,0.0438539387007552
num__pl_flag,0.13095820429338392,-0.010487414503091952,-0.029235142346674965,-0.040547641128395755,-0.03342881187124445,0.09996819618147047,0.044128598281863156,0.04447981959437631,-0.21513437567834612,-0.017593904789735233,0.07193711102437664,0.14650172039534587,-0.006113308927920761,-0.09251170755815258,0.1775312883405904,0.29575587891309685,0.07008016550666939,0.18572673244593055,-0.2713571286529163,-0.04859606839648893,-0.17836862513503454,-0.021189098587868837,-0.017451221120443634,0.0015224652149062453,0.09956298498016472,0.04860279877001572,0.026662845385167326,-0.04157567663149118,-0.0009607972867104533,0.06291547373030425,-0.04923210879319932,0.2533486920586092,0.0463835902635102,-0.0039650978610396796,-0.16694355818333695,-0.019147307266032046,0.012336487319935752,0.02255971754998476,-0.03528942576486116,0.04060003354830815,-0.1818269558301033,0.39434568053511304,-0.0274825737736416,0.06381890325392175,-0.0015928084939895448,-0.4932671471486495
num__pct_pl_enq_l6m_of_l12m,0.13288541584411703,-0.11245527129786605,0.04554420310594217,-0.0387876878995154,0.10330010245228216,-0.1727835249004743,-0.06494871955332294,0.036779549622528336,-0.22606223596232616,-0.02129194123568681,-0.039087169023793306,-0.032353009217590614,0.01993253451708998,0.045641157826387224,0.018037191450473923,0.17256756393715347,-0.05869116734447301,-0.29474114335365853,-0.0008045236045939319,0.3789974691098883,0.09898618052082044,-0.005562587933723467,0.009578676271060557,0.003169519323599289,-0.01775930181186547,-0.06341870714253378,-9.714843940211715e-05,-0.03268567596567104,0.14206167026338562,0.04758171793341165,-0.049730541843093196,0.12993149651766894,0.01877824876229224,-0.0031767805278053417,-0.07531866315460052,0.00785672327097435,-0.019837398149661546,0.00928760406487525,-0.006046374413125083,-0.058632461758997376,0.011941381325212774,-0.07406684008521999,0.024807135010969174,0.010842618579196679,-0.01999865095822198,-0.00235536830715026
num__pct_cc_enq_l6m_of_l12m,0.14039349165099796,-0.09075274923637108,0.05695148994902147,-0.1129654727325016,-0.16667548892059578,-0.023245450042132642,-0.009838939839956711,-0.06836833259761481,0.2306810071471592,0.10674222343294755,-0.07697604087814784,-0.03445428352969319,-0.11950301466834669,0.08843418275985158,-0.15303585053169888,0.07619636151024095,0.09302123118434696,0.07967377699510346,-0.27656638984583953,0.2428673074307769,-0.0491170504409571,-0.048150574939207574,-0.013840323507284435,-0.012176266172970235,0.05268152384547906,0.003901003439108028,0.039829059198864314,0.04792839045112243,-0.19035471868386736,-0.14159403513218857,0.006811205344540772,-0.06470318812218832,-0.017944451895113116,0.01649748647831493,0.0666454036935737,0.024983810194138024,-0.019870537513647542,0.0484432947193018,-0.007793532174100743,-0.0930638626575612,-0.0012856590998651107,-0.1289308000541331,0.07660072730252455,0.04127623945946828,-0.038282684014166964,-0.07985792570805578
num__pct_pl_enq_l6m_of_ever,0.11615484123572387,-0.11838242413383859,0.047245700946604026,-0.0293591201775822,0.1143727961022761,-0.19591886326433483,-0.07292924077388549,0.03265231135453319,-0.2165900211687404,-0.014364706934186833,-0.050566787596683094,-0.043997411734471845,0.012927619940181798,0.05916758153798338,0.00038352048327422276,0.1590176800005319,-0.0643892849544794,-0.30461420918458454,0.013497399301701074,0.38835331930320194,0.10416636829942545,-0.0002862501413422973,0.008810727553284178,0.0022378325606801155,-0.016699208084770503,-0.0486617796075315,-0.0018343383725876045,-0.037970216099027565,0.13184065935476647,0.05033378496624118,-0.050739378755082484,0.13444196031203004,0.02279875921728474,-0.006730513142543033,-0.08941699720779389,0.021465262999338097,-0.02823307683605078,-0.009520683424913794,-0.0026139451947088128,-0.018456477506985047,-0.0013006259078101844,-0.042526635793460554,0.018099057078707195,0.0076323865876267265,-0.006017605069047461,0.005249897049903168
num__pct_cc_enq_l6m_of_ever,0.1272882987337396,-0.09286675594568275,0.05257759098833466,-0.10384879984807317,-0.1482511361257106,-0.0390539666472258,-0.015092420192750913,-0.06588382488427491,0.22386804632720217,0.11474562812639123,-0.08526888079002075,-0.03615351745010646,-0.12434447303699192,0.10136522674774275,-0.17987769094312997,0.06757739729213749,0.10568751221020162,0.09670778013251177,-0.3054513227218181,0.2619522030091811,-0.055557287275927264,-0.05477431393505859,-0.014133548014385293,-0.011579345890073449,0.055474848646398754,0.0034788499102646753,0.04490409775761314,0.056177967358670755,-0.2160017582478766,-0.1611759733134088,0.009263723084281528,-0.066830465529697,-0.018021626382275793,0.015290150059519662,0.0584929934207649,0.038891504639299454,-0.024695254216996445,0.04039586099838385,-0.002421379468374441,-0.06450407202259692,-0.003644033205084385,-0.08436101352223724,0.04624849525996828,0.026695909239308528,-0.01860925684821415,-0.044838049980430957
num__max_unsec_exposure_inpct,0.00612443778850728,7.021160251545866e-05,-0.002550104249731699,0.001451675148782121,0.0058467869941179924,0.00916196122767622,0.0024396879595722826,0.0018202267406039001,-0.007033224619950564,-0.0010048267816028537,-0.0014741708659344564,0.011118941422251526,0.02596847528768414,-0.05016229312023106,0.03162148622818073,-0.0199259584157089,-0.029729669722521654,-0.11411049820565952,-0.40853603043068787,-0.21621959536206298,0.5902234342673451,0.055362142770303706,0.008934617458974614,-0.007188724827568327,-0.01973051074217723,0.04690402736537007,0.4056572240303986,0.44135485621890913,0.04054571046247426,0.182904097818339,0.003724876762564326,0.03733470233090192,-0.03629967458536249,-0.10650855516250979,0.049031605305994,-0.01639405026654492,-0.0033320117740818014,-0.02450150950635114,0.004030010754526844,0.011430437396527025,0.0115293600825007,0.0010947833556695825,-0.00937818245902787,-0.0067804438794595,-0.0011808063993338763,0.014931440193327858
num__hl_flag,0.05357020466406555,0.14609058974576042,-0.10732951777311482,-0.008803260255104585,-0.014214025769155682,-0.15633352703932812,-0.06910620011031231,-0.04539671495964917,0.07074090653349133,0.0005821493367043056,-0.07854369479009721,-0.03472713097789757,0.019881599480972335,0.05667058655573684,0.07956023824967079,0.09122808633803006,0.028872973310448087,-0.034935083857505586,0.02153545757853831,-0.1220629323499829,-0.017173289412203006,-0.2165135674780767,-0.010419168760456815,-0.051919175392382916,-0.24919559076311282,-0.2123730077613706,0.3990992514262209,-0.2983968033578097,-0.0776355572169062,0.02689002150693777,-0.16200303591299484,-0.2740293398106619,0.012394930269928193,-0.13586193083307846,-0.3143394092718,-0.09160633795431677,0.0026025779515698455,0.35381844331263845,-0.055727684603250394,-0.11602691087782754,-0.10988320963874164,-0.006080016372788119,0.0951020704471877,-0.0022358994040539183,0.1163837616774693,0.0283392148498241
num__gl_flag,0.029796275495256767,0.050648067272078955,0.0062816538108074705,0.039945706818304706,-0.16708283111274408,0.1225252338958048,0.0300690286101503,0.04458432062313039,-0.20578128631987916,0.0313960650534064,-0.054602255187587545,-0.017967962977202177,-0.20257918218940812,0.45725501780112027,0.18531670036240055,-0.2623877725998176,-0.17899727825255088,-0.01709948994486185,-0.08777408412784224,0.008294122449640368,-0.03834564275050721,0.0032123356000216853,-0.0044373395565254214,-0.0007670898695907591,0.02457052433367489,-0.020408607526421103,0.0052860723448031124,-0.015431449640165115,0.001693942084913854,0.029943803019864317,0.011459166128586933,-0.018457708180160334,-0.0011987429873692584,0.015738910286878564,-0.029099463860556292,-0.00763313374246951,-0.017232200506528295,-0.02813533699846238,-0.011731763725117965,-0.03342886935065055,-0.031158179678987714,0.027455900896458586,-0.005924841651330517,-0.0014045018093807775,-0.007177708441841256,0.0016419794156623119
num__no_enquiry_flag,-0.08336053397084289,0.0572739570205575,-0.05642339464917367,-0.031728117202646074,-0.08223646076245833,-0.08838024780841576,-0.04332883588327624,-0.03804936200560001,0.12542210349319266,0.1714535985333045,-0.14779028459429489,0.32218712614082323,0.3257676934506241,0.1046425193995469,0.27831092910807387,-0.07713840252744117,0.10406347264905873,0.01595958221754684,0.07263765623729733,0.10413437463806993,0.06234582168782256,-0.0653513438881525,-0.00386916086165974,-0.015648990550451568,0.028681576093619758,-0.09469262268698461,-0.01808335065497254,0.0909438665745677,0.006131733502398817,-0.11548977838921151,-0.03434254796896713,0.14965126258956607,0.019335814495518487,-0.0013177013751542732,-0.0003590775049766015,0.025080127607015473,-0.02355844054182918,0.03705519104315974,-0.0014682716024798717,-0.04160745830677905,0.11448277726001611,0.07872361239350917,0.11042057776291883,0.022741342063543394,-0.0314780532010913,0.010321554358561361
num__netmonthlyincome_log,0.03823748508820492,0.01254719968449841,0.00475376767068818,-0.009316239361606285,-0.06397100258225091,0.030145775717210235,0.01734079884805066,0.012821549422808087,-0.048320533582594624,-0.02527390465917308,0.04772158057061528,0.0018829334972746397,-0.06301841200454729,0.11179806320309009,-0.07531053418352335,0.10040448897310326,0.07370108636196294,0.21992350133532715,0.44629943021602414,0.22314205853210473,-0.33315105127480404,-0.04302636265915596,-0.008884124017970348,-0.01530317617598834,-0.002280716209592526,0.02128201767273788,0.4481720771805383,0.4752226203917855,0.051482612113611624,0.2332088893765094,0.019823578539790526,0.0372398185373935,-0.03584216983904313,-0.1908592167902371,0.08815203038781233,-0.009358599566786925,0.009081161908269797,-0.04046984801330224,-0.000797236069424917,0.004819079260920504,-0.0043607752909397,0.002880286955580718,-0.004139414757423104,-0.011715287242731439,0.005252764349401865,0.03899218313098715
cat__maritalstatus_Single,-0.0006168892519991601,-0.03259454680209995,0.011741417948567277,0.00614845768893348,0.025157692177373948,-0.017848087100073715,-0.008340748337709245,-0.008200053014947046,0.03828557164995236,0.010728987972085866,-0.01580401147477871,-0.021725306581629272,-0.00038133315904062114,-0.03440253765614496,0.04565104636016391,-0.030516615683676144,-0.033764481339449176,-0.06784335709398367,-0.029733272970165266,-0.012265100154317768,-0.08861557674054985,0.0009582132977611858,-0.005021203576629069,0.0014617913437883958,0.0487029234099086,-0.001652063040207645,0.03945745983420527,0.06494094162532742,0.004858654619308803,0.020951661801601688,0.014044455583599569,-0.009586727010846036,0.014380707067412884,0.15535696359933937,-0.027820934864870993,-0.0026619457319157144,0.015613447096304377,0.03670810651947158,0.011090355656128745,0.050594295280336626,0.06703870871694712,0.010387391972134202,-0.011604591047710763,-0.013464859324335339,0.017172235952623197,-0.0010075441476893347
cat__education_GRADUATE,0.01425757351530318,-0.007559484185843783,0.006180205928308245,-0.005740299210110175,-0.014053614524942823,0.008479251238892751,0.006293920343869712,0.0009496544644227721,-0.0009649046501760682,0.0013730364990154995,0.0054839406517154824,-0.006694156549697892,-0.012060597277509497,-0.0017246206649910553,0.015084335564286507,0.006315678345696039,-0.01954764087603808,-0.026443623758271882,0.0024605184215455017,0.004464872894262246,-0.04326375415452659,0.007551309456730289,-0.002974694113320753,0.004801476999328863,0.012546005344863366,-0.009370317649471806,0.04932847885203248,0.0524065151436,-0.003146348192399716,0.007765216391289787,0.008229860793653492,-0.010441475266110209,-0.0041097220742807175,0.02253886770725113,-0.006913420328257293,-0.015589833835804064,0.020068106586668674,0.04047478643527041,0.038729651656866704,0.06311930048543757,0.08260970154905056,0.050029338396082444,-0.023569060872021,0.00044006164170299743,-0.017710417507142,-0.20970220525241248
cat__education_OTHERS,-0.0011353901835835303,0.0027582077107602956,-0.0037311471666391003,0.0010310989211923353,0.0006797454762776982,-0.002594534408967424,-0.0011121058263443553,-1.7337035102158137e-06,0.0010383189891183993,0.0007634964786461593,-0.0016651782508307336,0.0021602923374458302,0.002228398166809898,-0.0010476114802672432,-0.00374669361602343,-0.0011938846331710352,0.0018084409181165144,0.004219941852675505,0.0009304117266580886,-0.003734074599885687,0.008912894384860363,-0.0019573477836888923,0.0010766611779170487,0.001467657463403509,-0.003030537051662535,0.000425611425401512,-0.011805754396933724,-0.01136604461756133,-0.0017324186830582067,0.0004938080332743974,-0.004348081243740649,0.0007484046154672026,2.9547148668657673e-05,-0.011528947181605504,-0.00687071001161519,0.0007574834013785101,-0.0013771628586577433,-0.005373880447533008,-0.003713389500681473,-0.006928670604856229,-0.010879898035881404,-0.008666023518400894,0.00031621303468523307,0.002723002535185313,0.0012761568323397185,0.014238790216067262
cat__education_POST-GRADUATE,0.0034226808047564013,0.0008694796558772374,-0.0010056042131649267,-0.0020719673970471596,-0.007207014223195025,0.0024823150651682195,0.0014402955028920683,0.002220198188366503,-0.002442758116706735,0.0009061708445086556,-0.0003705049784620771,0.0006449055260548485,-0.003555316165002979,0.002357064936946208,0.004014945302811365,0.005009664915414422,-0.0013957824375335492,-0.002425205925168216,0.0014842739330808707,2.7845229280945225e-05,-0.007286047991882876,-0.002104590025555438,-0.00026439218481106447,0.0004605655777861553,0.00021698231206522534,0.0004236524269807529,0.00888508136766052,0.004727593365015902,-0.00043650072703355774,0.0009598429602892655,-1.0812432140475114e-05,-0.00563331359287941,-0.0009566190789998055,-0.0030621708967482697,0.0027941189368920474,0.002045132992906429,0.002213580807722465,0.0014328155719977864,-0.005160140850504355,-0.001994490602577859,-0.002852212207799465,-0.00389363399298023,-0.0008392831992830758,-0.0032092136289813785,-0.004401834007557986,0.012079428633405102
cat__education_PROFESSIONAL,0.00026068174886740257,2.5556707729952717e-05,0.00010096586979717141,2.3334344013488856e-05,-0.0006367167172569014,0.0003477470596134094,5.023781685057076e-05,0.0005249784824650533,-0.00020435471594976008,0.00022159313640338364,-0.00043069932576475414,-6.369176161478197e-05,-0.0002929897978793751,-0.00020090182056342804,0.0003168717849420591,0.000507277915271151,-0.0006294222107536135,-0.001002844913537894,-0.0014101550501230825,-0.0011291996795005713,0.0015282646237880504,-0.0005271964169432757,0.00023905696961738776,0.0004496250788031883,0.000193266863232483,-0.0001922286780897762,-0.00036983179289899054,-0.0008376962281901601,-0.0005147286226642872,9.630201558021023e-05,-5.058347991712675e-05,-0.0007765085824107797,0.0003479729497894504,0.0010361162124718146,8.417160101220579e-05,-0.00013683285444388016,-0.0012621204257990126,0.0007756121471589883,-5.163980931701881e-05,-0.0003778752336297264,0.0006319791191342766,-0.0014193278900424475,0.00014042551274728865,-0.00018273948698936324,-0.00035404849227460566,0.00015898524935786806
cat__education_SSC,-0.007034150177185464,0.005188266012695488,-0.0020384033455928706,0.0015889016544641307,0.00837323413080244,-0.003245322679504739,-0.001594763658584932,-0.0006234670763093994,0.0012476147280625698,-0.001287643318923169,-0.0020761529147970887,0.0069637717774312935,0.009270125935786926,0.004967620309811378,-0.00996656323924444,-0.0001704403246174499,0.015354588773018934,0.02117501354052424,0.0009399332093179974,-0.00019063195293118548,0.034477696808216496,-0.0020886687397183774,0.002414900806890649,-7.006068410308347e-05,-0.019032317320207104,0.0040714602239657095,-0.031883715414632204,-0.03846135234624317,-0.002568391239459955,-0.009738943012993257,-0.011572657773107235,0.017088109731590924,0.0031523132347890895,-0.021668924605182088,0.003212364812265979,0.011235701301633202,-0.0205738090028474,-0.029089226057089405,-0.018044857420564147,-0.03920330478619599,-0.04397330781694173,-0.01308099751327,0.01586015857316842,0.0037923723279569264,0.003531747705924987,0.1009237127888791
cat__education_UNDER GRADUATE,0.0012261395270696954,-0.0010993254378675497,-0.0008129614618367566,0.00018242013914461554,0.0032727994507543816,-0.0035768134585473736,-0.001750040472613731,-0.001197444510717193,0.0004188156101664716,0.0013417298083901145,-0.0015924336453951723,-0.001655362601120296,-0.0011274844533266098,-0.0016421317906595034,-0.002874992850052298,-0.0023498794565180673,-0.002098038687000885,-0.0034607187417183844,-0.002687772148155451,-0.004001239444442223,-0.008611494847944334,-0.0021866928830128244,0.0035668036057667114,-0.003311784097093321,-0.0018003661922744926,-0.0026952479062058643,-0.0034046688370078584,0.004377446257603838,-0.0008639339101936816,0.0031197930412782526,-0.0010393902431097314,-0.00010971757956504229,0.0014142706946085708,-0.0010440228094736864,-0.004505778606376114,0.0034955330664118434,-0.0002222574532552285,0.005380238192319067,-0.005598274721450832,-0.008819761906502827,-0.001222185792292857,-0.006275569636981362,0.007700972771704333,-0.000584573716418027,0.010923803812324002,0.03190589685769699
cat__gender_M,0.004566014350641894,-0.000909896558814909,0.005872578089859067,-0.0038000394703358704,-0.00347203293628376,-0.00014720252479975547,0.000961873291544814,0.0010969085479395724,-0.00019671935570884648,-0.006048456369901292,0.006996932987121083,-0.004866778157751475,-0.0024834929031478663,-0.002364432170516491,0.000193465904411531,0.0015725952707326004,0.006906596793610029,-0.011507661774296053,0.008297133134609832,0.005867934881805136,-0.007251186546565234,-0.005722808803436927,-0.00447812370632023,-0.002632954232268063,0.038088112725218566,0.004583984297518252,0.02706149341858044,0.01667579459957075,0.008877379630281998,0.010273951606961786,0.00624637549935626,-0.01894510811237499,0.010204645183822091,0.05706374924310079,-0.011845001104749016,-0.005999966442186831,0.012397859673769746,0.019813655914702702,0.0022024941478069465,0.024034269165788588,0.007991442667672991,-0.002583763738219228,-0.017468335189940547,-0.0011566504442291044,0.0066559980276762465,-0.012715490676498218
cat__last_prod_enq2_CC,0.011347419734320787,-0.005844802851078842,0.005817666844605183,-0.011775518900492575,-0.029532866969043958,0.014819289178595926,0.005531653023222857,-0.009964756620407541,0.036153554465203235,0.007676551440291316,-0.0008844895723082855,-0.0054784156797474705,-0.02109537268335172,0.0051622633116114374,-0.007670769371063978,0.023538855798477025,-0.0008267524676285887,-0.006851180691859478,-0.018235734591481118,0.023079652361077486,-0.0032544960765313255,0.002329854740986839,2.3260566630396023e-05,0.00043076179702983795,-0.0005636575143918646,0.009400479257674016,0.0005862156720977049,-0.0006374013287799331,-0.01241087645357938,-0.0010353210928021328,0.004528722001627683,-0.013901042748729307,-0.0009984998997087206,-0.0033795693023172084,0.003984872670970678,0.002812099691297254,4.7623533048164746e-05,-0.004634071939301945,0.0019689162799313787,0.004054404585359536,0.006035029448030839,0.01556611614934329,-0.00758094080901444,-0.0009997486822276545,-0.002392325310516523,-0.008419617107880042
cat__last_prod_enq2_ConsumerLoan,0.016725506825492124,-0.015518333452759492,0.010858866916417213,0.007627145886657001,0.05126346526273503,0.012719746638976799,0.008696563282676765,0.004771152475005397,-0.00018424380832854183,-0.02850060862324681,0.021716651968211938,-0.062336441431400345,-0.0449487823243576,-0.004005025505268068,-0.07695003053962923,-0.0395247530619859,-0.013884277258641914,0.02786783007052932,0.004887053946082288,-0.10790554433672472,-0.03403649080166936,0.015472882253923853,0.01493081564471005,0.0032932370524937776,-0.10134053942531855,-0.02699281085022003,-0.002306464825838246,0.056735174992968776,-0.0006893323802235896,-0.11066030964313123,-0.04811994777287782,0.12011951011585441,0.014312597244684692,0.011690734326446094,-0.04150842687891375,0.0001979867652576947,0.006107446589410034,0.043849705548323306,0.008428809291006506,-0.03148816837992477,0.203965144188974,0.14228084291141008,0.3044583199464157,0.03945699225967568,-0.06823851560724656,0.13634245055721517
cat__last_prod_enq2_HL,-0.0007103239493086062,0.0027574228857079846,-0.0004262488602062688,0.002343149466417437,-0.007419370798090228,0.005411180057804266,0.0015871759821724232,0.002679718994356179,-0.009391690463302613,-0.00019423203107579834,-0.0015288519974564557,-0.002262334178921649,-0.011946906775520629,0.018041833528907862,0.005798316580423762,-0.010047239444135228,-0.009217525202208476,0.002412229690208132,-0.004329281796133792,-0.0008632155270687017,-0.002034565536590857,0.0009993713810147603,0.00021250049310992183,0.00027565746848277027,-0.002428034291684769,0.0025008565017077405,-5.4325673474235614e-05,-0.002887050607329557,-0.0009266037508058669,0.006605419158806903,0.002775523579172559,-0.00499387334150765,4.8468670569984384e-05,-0.0014150640552791976,-0.001199849878002224,-0.004805558510926655,0.0012681550907025288,-0.00573566438291968,-0.0020491559960257896,-0.003837402078267299,-0.0018114937737887526,0.007149068909435727,0.003144917560903751,0.0015241160500827286,-0.0015128749609652561,-0.0019316565082387327
cat__last_prod_enq2_PL,0.019324188326529736,-0.015170966131778025,0.0005703501303294975,-0.00628005229917392,0.020293298093739493,-0.01727718703261775,-0.005677294633562702,0.011896812040612617,-0.0731225356009174,-0.011459623153603537,0.005213850087500127,-0.0008780961352386015,-0.007068663693131554,-0.02000099015900732,0.03285195728060171,0.06996582622800691,-0.024779979610244637,-0.04092496120077748,-0.018640342734684963,0.09228621106325872,0.011643551017910467,0.00773913860207158,0.0009137301859225185,0.0011004635037476706,-0.0065341000941936955,0.00035293245927170425,-0.0020907151569130762,-0.03905054936939021,0.026191410294229108,0.06289270457103957,0.012722049247826231,-0.06098212858984284,-0.015411396828521388,-0.006689031161380289,0.04300913755013519,0.02460517242219133,-0.010380622589312556,0.01860408237588797,0.003914599317141488,0.0032449901690051984,0.0229018776411766,0.04682950688089964,-0.0007755145320914279,-0.00013215044154239047,-0.0003439018760134603,-0.035362820013705415
cat__last_prod_enq2_others,-0.04493622328674286,0.02958575320624473,-0.018531906865089015,0.007160233545340355,-0.031379180794978034,-0.01718106959748048,-0.010413536872933256,-0.010365227061163634,0.0477992059658554,0.03795607618586094,-0.02818415416553906,0.07476104027766697,0.08878972418050328,0.0020105388314364107,0.05549055783839221,-0.04280110212396045,0.043912709070851055,0.01768337694525239,0.03299138476011665,-0.0017511985784501374,0.023308205541481587,-0.026270771672615517,-0.0135515735605745,-0.0038716352981415583,0.09585959288412382,0.007069888077372688,-0.0011529318893534965,-0.01206003824586474,-0.012697866781169069,0.03625120392697097,0.023199408800658627,-0.03346499830333519,0.005544397490928328,0.0009721381360193846,-0.005906183925565467,-0.022953936227770533,0.0037161706505245973,-0.04989471883414999,-0.009324161560085135,0.03169514105660932,-0.24119863211514606,-0.2246649744086778,-0.3194169323084582,-0.04437914453231134,0.07689053925214223,-0.09288482659285427
cat__first_prod_enq2_CC,0.009821790338342608,-0.005931731828261321,0.00816664386274606,-0.006130523051937842,-0.022918641494459192,0.012435607875816022,0.004602310316889685,-0.005553098086004486,0.016321363882867937,-0.0012468062627667394,0.0037171208087373904,-0.0043010161779539,-0.008525997546401485,-0.0032924137017003893,0.014888878727842315,0.02894226551619017,-0.013971370543461408,-0.024495922754151543,0.020539900002006867,-0.006268003154835167,0.004167930582634355,0.011769808829905859,0.0026086399412877034,0.0010263846252061577,-0.0163236064961009,0.017674487199247295,-0.0010774092546588787,0.003594564608437774,-0.015157793332191007,-0.005785831003582296,-0.002082366837522367,-0.005329603623542362,0.000991664378409994,-0.001266799711888836,-0.005554589867750917,-0.0018981587299239239,0.003832514106604396,-0.003835862103401475,0.0020057671496393203,-0.00466946890711397,0.01200503534830627,-0.0033633727750903954,0.012040313233574358,0.007934543161776345,-0.00997175600484667,-0.017006170934011817
cat__first_prod_enq2_ConsumerLoan,0.010269306962676271,-0.016067440377650375,-0.0039032699513805486,-0.009008566943661792,0.05690633834037564,0.022465045238665243,0.011407130468875553,0.006842339054970948,0.010420004828566896,-0.012649156250376745,0.016460490361107066,-0.030859515828805622,-0.030553351910229693,-0.006512675418069032,-0.03778081397977519,-0.008904336606833603,-0.02845310962407588,0.020097868519696267,-0.024931876080959703,-0.020405326155913513,-0.029789891019705993,0.02660853443872464,0.02067192894187296,0.002890228892614498,-0.1365616973203833,-0.040775551805085714,-0.019724440808451482,0.025648243222115064,0.025076951746160786,-0.04109944527318349,-0.020134019561884473,0.04272941913890451,0.003943885736723456,0.02094597722983388,0.05675710093000059,0.0034070533199730413,0.02214418368056914,0.026875399501901157,-0.0036117368431472403,-0.04383961976321625,0.17136560826473374,0.21704091144555057,0.23712712241122977,0.04150461740940212,-0.033709306988428986,0.09598893303361491
cat__first_prod_enq2_HL,0.0011124872722412995,0.003783098042172572,0.0004093479956738129,0.003916310128031607,-0.012326809256854358,0.008270278448548518,0.001831257022618014,0.003293738574689674,-0.017012150312807797,0.0016106092610522487,-0.003873721081033502,-0.003856288158075361,-0.020921035050263864,0.03391120416995532,0.00937882493443389,-0.019851260159623643,-0.015412902390874887,0.001984977790647536,-0.006726707331481313,0.0007831826165644266,-0.0023415856856968693,0.0030070906716694176,0.0010313977756217854,0.0007748679716571213,-0.006968808497625906,0.003153556518574345,-0.0006498019209672159,-0.003157371104611838,-0.0007851229887021055,0.005464871682049927,0.002493124219190221,-0.004503809315495707,-0.0013307929213253258,-0.006239846069816295,-0.0025962563449600665,-0.005470881878565315,0.005249401969684722,-0.005969480989716586,-0.001974176768050423,-0.00580477851330409,-0.0009525582237710911,0.011459175025081897,0.008337359313179877,1.708329178505075e-05,-0.0018021991045771325,-0.007214545224190974
cat__first_prod_enq2_PL,0.008404737539148346,-0.006569116873240225,0.0012369247815884339,0.001645386041799897,-0.0018887695651130096,-0.00738755905716176,0.00037431282484693025,0.0050907261445314435,-0.0428525405109161,0.0014304193014566412,-0.002049037238689566,0.0038104310682939967,-0.015186861151602695,-0.013106227509484654,0.015240866965168505,0.05652889301305302,-0.0068414354297594675,0.018482872240314537,-0.030178063401675177,0.0012651300822453908,-0.016568458349075874,0.012031269234901817,0.0027622127863841522,0.003750471157931961,-0.01821659662695832,0.01971611223476541,0.002934723820161328,-0.008985454097782584,0.0026437398896001843,0.015773562415026404,0.0008454549584875157,-0.020529242864917426,-0.0067006308411092326,-0.007103409636084863,0.006927950697909947,0.02184235802126249,-0.00632379362075385,0.025673057132909433,0.010519436327888335,-0.006377157646794457,0.056775329506574934,0.01518938348980476,0.0264914379861177,0.002112575184452097,-0.02067807699723321,-0.015341101509956871
cat__first_prod_enq2_others,-0.03139150372695457,0.017751714673346772,-0.01131003851440462,0.009626572006159179,-0.015240025570008081,-0.03781833504963944,-0.01738747138789341,-0.009521388707862033,0.036413607027222315,0.01980553578213038,-0.020730738208538303,0.046659215013927745,0.08191363369650949,-0.010509594027308148,0.01699729135873867,-0.05743049256784487,0.05060698686817383,-0.0129492693695396,0.03300169610711329,0.029444321061413224,0.0396305643814358,-0.050185462677090724,-0.024375279002366586,-0.008301192823692474,0.15379949201604595,-0.0038207923496698312,0.01100534323799366,-0.0163877132444388,-0.008978504802503144,0.023052914070745563,0.02021777147678311,-0.004435653175888447,0.008237339251784562,0.001355363031264139,-0.050960774546543526,-0.01878837940447383,-0.022590589852220046,-0.046044962916054415,-0.01056725733625612,0.07198173528811039,-0.2670053456517546,-0.26691429977926967,-0.3266907048232316,-0.05646800847215737,0.08211695392359394,-0.05906599933846472
